// <auto-generated>
// Generated by scripts/gen-idna-tables.mjs from the Unicode 17.0.0 data files.
// Do not edit by hand; rerun the script instead.
// </auto-generated>

namespace Pidge.Core.Idna;

internal static partial class IdnaTables
{
    public const string UnicodeVersion = "17.0.0";

    private static ReadOnlySpan<int> MappingStarts =>
    [
        0x0, 0x41, 0x42, 0x43, 0x44, 0x45, 0x46, 0x47, 0x48, 0x49, 0x4A, 0x4B,
        0x4C, 0x4D, 0x4E, 0x4F, 0x50, 0x51, 0x52, 0x53, 0x54, 0x55, 0x56, 0x57,
        0x58, 0x59, 0x5A, 0x5B, 0x80, 0xA0, 0xA1, 0xA8, 0xA9, 0xAA, 0xAB, 0xAD,
        0xAE, 0xAF, 0xB0, 0xB2, 0xB3, 0xB4, 0xB5, 0xB6, 0xB8, 0xB9, 0xBA, 0xBB,
        0xBC, 0xBD, 0xBE, 0xBF, 0xC0, 0xC1, 0xC2, 0xC3, 0xC4, 0xC5, 0xC6, 0xC7,
        0xC8, 0xC9, 0xCA, 0xCB, 0xCC, 0xCD, 0xCE, 0xCF, 0xD0, 0xD1, 0xD2, 0xD3,
        0xD4, 0xD5, 0xD6, 0xD7, 0xD8, 0xD9, 0xDA, 0xDB, 0xDC, 0xDD, 0xDE, 0xDF,
        0x100, 0x101, 0x102, 0x103, 0x104, 0x105, 0x106, 0x107, 0x108, 0x109, 0x10A, 0x10B,
        0x10C, 0x10D, 0x10E, 0x10F, 0x110, 0x111, 0x112, 0x113, 0x114, 0x115, 0x116, 0x117,
        0x118, 0x119, 0x11A, 0x11B, 0x11C, 0x11D, 0x11E, 0x11F, 0x120, 0x121, 0x122, 0x123,
        0x124, 0x125, 0x126, 0x127, 0x128, 0x129, 0x12A, 0x12B, 0x12C, 0x12D, 0x12E, 0x12F,
        0x130, 0x131, 0x132, 0x134, 0x135, 0x136, 0x137, 0x139, 0x13A, 0x13B, 0x13C, 0x13D,
        0x13E, 0x13F, 0x141, 0x142, 0x143, 0x144, 0x145, 0x146, 0x147, 0x148, 0x149, 0x14A,
        0x14B, 0x14C, 0x14D, 0x14E, 0x14F, 0x150, 0x151, 0x152, 0x153, 0x154, 0x155, 0x156,
        0x157, 0x158, 0x159, 0x15A, 0x15B, 0x15C, 0x15D, 0x15E, 0x15F, 0x160, 0x161, 0x162,
        0x163, 0x164, 0x165, 0x166, 0x167, 0x168, 0x169, 0x16A, 0x16B, 0x16C, 0x16D, 0x16E,
        0x16F, 0x170, 0x171, 0x172, 0x173, 0x174, 0x175, 0x176, 0x177, 0x178, 0x179, 0x17A,
        0x17B, 0x17C, 0x17D, 0x17E, 0x17F, 0x180, 0x181, 0x182, 0x183, 0x184, 0x185, 0x186,
        0x187, 0x188, 0x189, 0x18A, 0x18B, 0x18C, 0x18E, 0x18F, 0x190, 0x191, 0x192, 0x193,
        0x194, 0x195, 0x196, 0x197, 0x198, 0x199, 0x19C, 0x19D, 0x19E, 0x19F, 0x1A0, 0x1A1,
        0x1A2, 0x1A3, 0x1A4, 0x1A5, 0x1A6, 0x1A7, 0x1A8, 0x1A9, 0x1AA, 0x1AC, 0x1AD, 0x1AE,
        0x1AF, 0x1B0, 0x1B1, 0x1B2, 0x1B3, 0x1B4, 0x1B5, 0x1B6, 0x1B7, 0x1B8, 0x1B9, 0x1BC,
        0x1BD, 0x1C4, 0x1C7, 0x1CA, 0x1CD, 0x1CE, 0x1CF, 0x1D0, 0x1D1, 0x1D2, 0x1D3, 0x1D4,
        0x1D5, 0x1D6, 0x1D7, 0x1D8, 0x1D9, 0x1DA, 0x1DB, 0x1DC, 0x1DE, 0x1DF, 0x1E0, 0x1E1,
        0x1E2, 0x1E3, 0x1E4, 0x1E5, 0x1E6, 0x1E7, 0x1E8, 0x1E9, 0x1EA, 0x1EB, 0x1EC, 0x1ED,
        0x1EE, 0x1EF, 0x1F1, 0x1F4, 0x1F5, 0x1F6, 0x1F7, 0x1F8, 0x1F9, 0x1FA, 0x1FB, 0x1FC,
        0x1FD, 0x1FE, 0x1FF, 0x200, 0x201, 0x202, 0x203, 0x204, 0x205, 0x206, 0x207, 0x208,
        0x209, 0x20A, 0x20B, 0x20C, 0x20D, 0x20E, 0x20F, 0x210, 0x211, 0x212, 0x213, 0x214,
        0x215, 0x216, 0x217, 0x218, 0x219, 0x21A, 0x21B, 0x21C, 0x21D, 0x21E, 0x21F, 0x220,
        0x221, 0x222, 0x223, 0x224, 0x225, 0x226, 0x227, 0x228, 0x229, 0x22A, 0x22B, 0x22C,
        0x22D, 0x22E, 0x22F, 0x230, 0x231, 0x232, 0x233, 0x23A, 0x23B, 0x23C, 0x23D, 0x23E,
        0x23F, 0x241, 0x242, 0x243, 0x244, 0x245, 0x246, 0x247, 0x248, 0x249, 0x24A, 0x24B,
        0x24C, 0x24D, 0x24E, 0x24F, 0x2B0, 0x2B1, 0x2B2, 0x2B3, 0x2B4, 0x2B5, 0x2B6, 0x2B7,
        0x2B8, 0x2B9, 0x2D8, 0x2D9, 0x2DA, 0x2DB, 0x2DC, 0x2DD, 0x2DE, 0x2E0, 0x2E1, 0x2E2,
        0x2E3, 0x2E4, 0x2E5, 0x340, 0x341, 0x342, 0x343, 0x344, 0x345, 0x346, 0x34F, 0x350,
        0x370, 0x371, 0x372, 0x373, 0x374, 0x375, 0x376, 0x377, 0x378, 0x37A, 0x37B, 0x37E,
        0x37F, 0x380, 0x384, 0x385, 0x386, 0x387, 0x388, 0x389, 0x38A, 0x38B, 0x38C, 0x38D,
        0x38E, 0x38F, 0x390, 0x391, 0x392, 0x393, 0x394, 0x395, 0x396, 0x397, 0x398, 0x399,
        0x39A, 0x39B, 0x39C, 0x39D, 0x39E, 0x39F, 0x3A0, 0x3A1, 0x3A2, 0x3A3, 0x3A4, 0x3A5,
        0x3A6, 0x3A7, 0x3A8, 0x3A9, 0x3AA, 0x3AB, 0x3AC, 0x3CF, 0x3D0, 0x3D1, 0x3D2, 0x3D3,
        0x3D4, 0x3D5, 0x3D6, 0x3D7, 0x3D8, 0x3D9, 0x3DA, 0x3DB, 0x3DC, 0x3DD, 0x3DE, 0x3DF,
        0x3E0, 0x3E1, 0x3E2, 0x3E3, 0x3E4, 0x3E5, 0x3E6, 0x3E7, 0x3E8, 0x3E9, 0x3EA, 0x3EB,
        0x3EC, 0x3ED, 0x3EE, 0x3EF, 0x3F0, 0x3F1, 0x3F2, 0x3F3, 0x3F4, 0x3F5, 0x3F6, 0x3F7,
        0x3F8, 0x3F9, 0x3FA, 0x3FB, 0x3FD, 0x3FE, 0x3FF, 0x400, 0x401, 0x402, 0x403, 0x404,
        0x405, 0x406, 0x407, 0x408, 0x409, 0x40A, 0x40B, 0x40C, 0x40D, 0x40E, 0x40F, 0x410,
        0x411, 0x412, 0x413, 0x414, 0x415, 0x416, 0x417, 0x418, 0x419, 0x41A, 0x41B, 0x41C,
        0x41D, 0x41E, 0x41F, 0x420, 0x421, 0x422, 0x423, 0x424, 0x425, 0x426, 0x427, 0x428,
        0x429, 0x42A, 0x42B, 0x42C, 0x42D, 0x42E, 0x42F, 0x430, 0x460, 0x461, 0x462, 0x463,
        0x464, 0x465, 0x466, 0x467, 0x468, 0x469, 0x46A, 0x46B, 0x46C, 0x46D, 0x46E, 0x46F,
        0x470, 0x471, 0x472, 0x473, 0x474, 0x475, 0x476, 0x477, 0x478, 0x479, 0x47A, 0x47B,
        0x47C, 0x47D, 0x47E, 0x47F, 0x480, 0x481, 0x48A, 0x48B, 0x48C, 0x48D, 0x48E, 0x48F,
        0x490, 0x491, 0x492, 0x493, 0x494, 0x495, 0x496, 0x497, 0x498, 0x499, 0x49A, 0x49B,
        0x49C, 0x49D, 0x49E, 0x49F, 0x4A0, 0x4A1, 0x4A2, 0x4A3, 0x4A4, 0x4A5, 0x4A6, 0x4A7,
        0x4A8, 0x4A9, 0x4AA, 0x4AB, 0x4AC, 0x4AD, 0x4AE, 0x4AF, 0x4B0, 0x4B1, 0x4B2, 0x4B3,
        0x4B4, 0x4B5, 0x4B6, 0x4B7, 0x4B8, 0x4B9, 0x4BA, 0x4BB, 0x4BC, 0x4BD, 0x4BE, 0x4BF,
        0x4C0, 0x4C1, 0x4C2, 0x4C3, 0x4C4, 0x4C5, 0x4C6, 0x4C7, 0x4C8, 0x4C9, 0x4CA, 0x4CB,
        0x4CC, 0x4CD, 0x4CE, 0x4D0, 0x4D1, 0x4D2, 0x4D3, 0x4D4, 0x4D5, 0x4D6, 0x4D7, 0x4D8,
        0x4D9, 0x4DA, 0x4DB, 0x4DC, 0x4DD, 0x4DE, 0x4DF, 0x4E0, 0x4E1, 0x4E2, 0x4E3, 0x4E4,
        0x4E5, 0x4E6, 0x4E7, 0x4E8, 0x4E9, 0x4EA, 0x4EB, 0x4EC, 0x4ED, 0x4EE, 0x4EF, 0x4F0,
        0x4F1, 0x4F2, 0x4F3, 0x4F4, 0x4F5, 0x4F6, 0x4F7, 0x4F8, 0x4F9, 0x4FA, 0x4FB, 0x4FC,
        0x4FD, 0x4FE, 0x4FF, 0x500, 0x501, 0x502, 0x503, 0x504, 0x505, 0x506, 0x507, 0x508,
        0x509, 0x50A, 0x50B, 0x50C, 0x50D, 0x50E, 0x50F, 0x510, 0x511, 0x512, 0x513, 0x514,
        0x515, 0x516, 0x517, 0x518, 0x519, 0x51A, 0x51B, 0x51C, 0x51D, 0x51E, 0x51F, 0x520,
        0x521, 0x522, 0x523, 0x524, 0x525, 0x526, 0x527, 0x528, 0x529, 0x52A, 0x52B, 0x52C,
        0x52D, 0x52E, 0x52F, 0x530, 0x531, 0x532, 0x533, 0x534, 0x535, 0x536, 0x537, 0x538,
        0x539, 0x53A, 0x53B, 0x53C, 0x53D, 0x53E, 0x53F, 0x540, 0x541, 0x542, 0x543, 0x544,
        0x545, 0x546, 0x547, 0x548, 0x549, 0x54A, 0x54B, 0x54C, 0x54D, 0x54E, 0x54F, 0x550,
        0x551, 0x552, 0x553, 0x554, 0x555, 0x556, 0x557, 0x559, 0x587, 0x588, 0x58B, 0x58D,
        0x590, 0x591, 0x5C8, 0x5D0, 0x5EB, 0x5EF, 0x5F5, 0x606, 0x61C, 0x61D, 0x675, 0x676,
        0x677, 0x678, 0x679, 0x6DD, 0x6DE, 0x70E, 0x710, 0x74B, 0x74D, 0x7B2, 0x7C0, 0x7FB,
        0x7FD, 0x82E, 0x830, 0x83F, 0x840, 0x85C, 0x85E, 0x85F, 0x860, 0x86B, 0x870, 0x890,
        0x897, 0x8E2, 0x8E3, 0x958, 0x959, 0x95A, 0x95B, 0x95C, 0x95D, 0x95E, 0x95F, 0x960,
        0x984, 0x985, 0x98D, 0x98F, 0x991, 0x993, 0x9A9, 0x9AA, 0x9B1, 0x9B2, 0x9B3, 0x9B6,
        0x9BA, 0x9BC, 0x9C5, 0x9C7, 0x9C9, 0x9CB, 0x9CF, 0x9D7, 0x9D8, 0x9DC, 0x9DD, 0x9DE,
        0x9DF, 0x9E0, 0x9E4, 0x9E6, 0x9FF, 0xA01, 0xA04, 0xA05, 0xA0B, 0xA0F, 0xA11, 0xA13,
        0xA29, 0xA2A, 0xA31, 0xA32, 0xA33, 0xA34, 0xA35, 0xA36, 0xA37, 0xA38, 0xA3A, 0xA3C,
        0xA3D, 0xA3E, 0xA43, 0xA47, 0xA49, 0xA4B, 0xA4E, 0xA51, 0xA52, 0xA59, 0xA5A, 0xA5B,
        0xA5C, 0xA5D, 0xA5E, 0xA5F, 0xA66, 0xA77, 0xA81, 0xA84, 0xA85, 0xA8E, 0xA8F, 0xA92,
        0xA93, 0xAA9, 0xAAA, 0xAB1, 0xAB2, 0xAB4, 0xAB5, 0xABA, 0xABC, 0xAC6, 0xAC7, 0xACA,
        0xACB, 0xACE, 0xAD0, 0xAD1, 0xAE0, 0xAE4, 0xAE6, 0xAF2, 0xAF9, 0xB00, 0xB01, 0xB04,
        0xB05, 0xB0D, 0xB0F, 0xB11, 0xB13, 0xB29, 0xB2A, 0xB31, 0xB32, 0xB34, 0xB35, 0xB3A,
        0xB3C, 0xB45, 0xB47, 0xB49, 0xB4B, 0xB4E, 0xB55, 0xB58, 0xB5C, 0xB5D, 0xB5E, 0xB5F,
        0xB64, 0xB66, 0xB78, 0xB82, 0xB84, 0xB85, 0xB8B, 0xB8E, 0xB91, 0xB92, 0xB96, 0xB99,
        0xB9B, 0xB9C, 0xB9D, 0xB9E, 0xBA0, 0xBA3, 0xBA5, 0xBA8, 0xBAB, 0xBAE, 0xBBA, 0xBBE,
        0xBC3, 0xBC6, 0xBC9, 0xBCA, 0xBCE, 0xBD0, 0xBD1, 0xBD7, 0xBD8, 0xBE6, 0xBFB, 0xC00,
        0xC0D, 0xC0E, 0xC11, 0xC12, 0xC29, 0xC2A, 0xC3A, 0xC3C, 0xC45, 0xC46, 0xC49, 0xC4A,
        0xC4E, 0xC55, 0xC57, 0xC58, 0xC5B, 0xC5C, 0xC5E, 0xC60, 0xC64, 0xC66, 0xC70, 0xC77,
        0xC8D, 0xC8E, 0xC91, 0xC92, 0xCA9, 0xCAA, 0xCB4, 0xCB5, 0xCBA, 0xCBC, 0xCC5, 0xCC6,
        0xCC9, 0xCCA, 0xCCE, 0xCD5, 0xCD7, 0xCDC, 0xCDF, 0xCE0, 0xCE4, 0xCE6, 0xCF0, 0xCF1,
        0xCF4, 0xD00, 0xD0D, 0xD0E, 0xD11, 0xD12, 0xD45, 0xD46, 0xD49, 0xD4A, 0xD50, 0xD54,
        0xD64, 0xD66, 0xD80, 0xD81, 0xD84, 0xD85, 0xD97, 0xD9A, 0xDB2, 0xDB3, 0xDBC, 0xDBD,
        0xDBE, 0xDC0, 0xDC7, 0xDCA, 0xDCB, 0xDCF, 0xDD5, 0xDD6, 0xDD7, 0xDD8, 0xDE0, 0xDE6,
        0xDF0, 0xDF2, 0xDF5, 0xE01, 0xE33, 0xE34, 0xE3B, 0xE3F, 0xE5C, 0xE81, 0xE83, 0xE84,
        0xE85, 0xE86, 0xE8B, 0xE8C, 0xEA4, 0xEA5, 0xEA6, 0xEA7, 0xEB3, 0xEB4, 0xEBE, 0xEC0,
        0xEC5, 0xEC6, 0xEC7, 0xEC8, 0xECF, 0xED0, 0xEDA, 0xEDC, 0xEDD, 0xEDE, 0xEE0, 0xF00,
        0xF0C, 0xF0D, 0xF43, 0xF44, 0xF48, 0xF49, 0xF4D, 0xF4E, 0xF52, 0xF53, 0xF57, 0xF58,
        0xF5C, 0xF5D, 0xF69, 0xF6A, 0xF6D, 0xF71, 0xF73, 0xF74, 0xF75, 0xF76, 0xF77, 0xF78,
        0xF79, 0xF7A, 0xF81, 0xF82, 0xF93, 0xF94, 0xF98, 0xF99, 0xF9D, 0xF9E, 0xFA2, 0xFA3,
        0xFA7, 0xFA8, 0xFAC, 0xFAD, 0xFB9, 0xFBA, 0xFBD, 0xFBE, 0xFCD, 0xFCE, 0xFDB, 0x1000,
        0x10A0, 0x10A1, 0x10A2, 0x10A3, 0x10A4, 0x10A5, 0x10A6, 0x10A7, 0x10A8, 0x10A9, 0x10AA, 0x10AB,
        0x10AC, 0x10AD, 0x10AE, 0x10AF, 0x10B0, 0x10B1, 0x10B2, 0x10B3, 0x10B4, 0x10B5, 0x10B6, 0x10B7,
        0x10B8, 0x10B9, 0x10BA, 0x10BB, 0x10BC, 0x10BD, 0x10BE, 0x10BF, 0x10C0, 0x10C1, 0x10C2, 0x10C3,
        0x10C4, 0x10C5, 0x10C6, 0x10C7, 0x10C8, 0x10CD, 0x10CE, 0x10D0, 0x10FC, 0x10FD, 0x115F, 0x1161,
        0x1249, 0x124A, 0x124E, 0x1250, 0x1257, 0x1258, 0x1259, 0x125A, 0x125E, 0x1260, 0x1289, 0x128A,
        0x128E, 0x1290, 0x12B1, 0x12B2, 0x12B6, 0x12B8, 0x12BF, 0x12C0, 0x12C1, 0x12C2, 0x12C6, 0x12C8,
        0x12D7, 0x12D8, 0x1311, 0x1312, 0x1316, 0x1318, 0x135B, 0x135D, 0x137D, 0x1380, 0x139A, 0x13A0,
        0x13F6, 0x13F8, 0x13F9, 0x13FA, 0x13FB, 0x13FC, 0x13FD, 0x13FE, 0x1400, 0x1680, 0x1681, 0x169D,
        0x16A0, 0x16F9, 0x1700, 0x1716, 0x171F, 0x1737, 0x1740, 0x1754, 0x1760, 0x176D, 0x176E, 0x1771,
        0x1772, 0x1774, 0x1780, 0x17B4, 0x17B6, 0x17DE, 0x17E0, 0x17EA, 0x17F0, 0x17FA, 0x1800, 0x180B,
        0x1810, 0x181A, 0x1820, 0x1879, 0x1880, 0x18AB, 0x18B0, 0x18F6, 0x1900, 0x191F, 0x1920, 0x192C,
        0x1930, 0x193C, 0x1940, 0x1941, 0x1944, 0x196E, 0x1970, 0x1975, 0x1980, 0x19AC, 0x19B0, 0x19CA,
        0x19D0, 0x19DB, 0x19DE, 0x1A1C, 0x1A1E, 0x1A5F, 0x1A60, 0x1A7D, 0x1A7F, 0x1A8A, 0x1A90, 0x1A9A,
        0x1AA0, 0x1AAE, 0x1AB0, 0x1ADE, 0x1AE0, 0x1AEC, 0x1B00, 0x1B4D, 0x1B4E, 0x1BF4, 0x1BFC, 0x1C38,
        0x1C3B, 0x1C4A, 0x1C4D, 0x1C80, 0x1C81, 0x1C82, 0x1C83, 0x1C84, 0x1C86, 0x1C87, 0x1C88, 0x1C89,
        0x1C8A, 0x1C8B, 0x1C90, 0x1C91, 0x1C92, 0x1C93, 0x1C94, 0x1C95, 0x1C96, 0x1C97, 0x1C98, 0x1C99,
        0x1C9A, 0x1C9B, 0x1C9C, 0x1C9D, 0x1C9E, 0x1C9F, 0x1CA0, 0x1CA1, 0x1CA2, 0x1CA3, 0x1CA4, 0x1CA5,
        0x1CA6, 0x1CA7, 0x1CA8, 0x1CA9, 0x1CAA, 0x1CAB, 0x1CAC, 0x1CAD, 0x1CAE, 0x1CAF, 0x1CB0, 0x1CB1,
        0x1CB2, 0x1CB3, 0x1CB4, 0x1CB5, 0x1CB6, 0x1CB7, 0x1CB8, 0x1CB9, 0x1CBA, 0x1CBB, 0x1CBD, 0x1CBE,
        0x1CBF, 0x1CC0, 0x1CC8, 0x1CD0, 0x1CFB, 0x1D00, 0x1D2C, 0x1D2D, 0x1D2E, 0x1D2F, 0x1D30, 0x1D31,
        0x1D32, 0x1D33, 0x1D34, 0x1D35, 0x1D36, 0x1D37, 0x1D38, 0x1D39, 0x1D3A, 0x1D3B, 0x1D3C, 0x1D3D,
        0x1D3E, 0x1D3F, 0x1D40, 0x1D41, 0x1D42, 0x1D43, 0x1D44, 0x1D45, 0x1D46, 0x1D47, 0x1D48, 0x1D49,
        0x1D4A, 0x1D4B, 0x1D4C, 0x1D4D, 0x1D4E, 0x1D4F, 0x1D50, 0x1D51, 0x1D52, 0x1D53, 0x1D54, 0x1D55,
        0x1D56, 0x1D57, 0x1D58, 0x1D59, 0x1D5A, 0x1D5B, 0x1D5C, 0x1D5D, 0x1D5E, 0x1D5F, 0x1D60, 0x1D61,
        0x1D62, 0x1D63, 0x1D64, 0x1D65, 0x1D66, 0x1D67, 0x1D68, 0x1D69, 0x1D6A, 0x1D6B, 0x1D78, 0x1D79,
        0x1D9B, 0x1D9C, 0x1D9D, 0x1D9E, 0x1D9F, 0x1DA0, 0x1DA1, 0x1DA2, 0x1DA3, 0x1DA4, 0x1DA5, 0x1DA6,
        0x1DA7, 0x1DA8, 0x1DA9, 0x1DAA, 0x1DAB, 0x1DAC, 0x1DAD, 0x1DAE, 0x1DAF, 0x1DB0, 0x1DB1, 0x1DB2,
        0x1DB3, 0x1DB4, 0x1DB5, 0x1DB6, 0x1DB7, 0x1DB8, 0x1DB9, 0x1DBA, 0x1DBB, 0x1DBC, 0x1DBD, 0x1DBE,
        0x1DBF, 0x1DC0, 0x1E00, 0x1E01, 0x1E02, 0x1E03, 0x1E04, 0x1E05, 0x1E06, 0x1E07, 0x1E08, 0x1E09,
        0x1E0A, 0x1E0B, 0x1E0C, 0x1E0D, 0x1E0E, 0x1E0F, 0x1E10, 0x1E11, 0x1E12, 0x1E13, 0x1E14, 0x1E15,
        0x1E16, 0x1E17, 0x1E18, 0x1E19, 0x1E1A, 0x1E1B, 0x1E1C, 0x1E1D, 0x1E1E, 0x1E1F, 0x1E20, 0x1E21,
        0x1E22, 0x1E23, 0x1E24, 0x1E25, 0x1E26, 0x1E27, 0x1E28, 0x1E29, 0x1E2A, 0x1E2B, 0x1E2C, 0x1E2D,
        0x1E2E, 0x1E2F, 0x1E30, 0x1E31, 0x1E32, 0x1E33, 0x1E34, 0x1E35, 0x1E36, 0x1E37, 0x1E38, 0x1E39,
        0x1E3A, 0x1E3B, 0x1E3C, 0x1E3D, 0x1E3E, 0x1E3F, 0x1E40, 0x1E41, 0x1E42, 0x1E43, 0x1E44, 0x1E45,
        0x1E46, 0x1E47, 0x1E48, 0x1E49, 0x1E4A, 0x1E4B, 0x1E4C, 0x1E4D, 0x1E4E, 0x1E4F, 0x1E50, 0x1E51,
        0x1E52, 0x1E53, 0x1E54, 0x1E55, 0x1E56, 0x1E57, 0x1E58, 0x1E59, 0x1E5A, 0x1E5B, 0x1E5C, 0x1E5D,
        0x1E5E, 0x1E5F, 0x1E60, 0x1E61, 0x1E62, 0x1E63, 0x1E64, 0x1E65, 0x1E66, 0x1E67, 0x1E68, 0x1E69,
        0x1E6A, 0x1E6B, 0x1E6C, 0x1E6D, 0x1E6E, 0x1E6F, 0x1E70, 0x1E71, 0x1E72, 0x1E73, 0x1E74, 0x1E75,
        0x1E76, 0x1E77, 0x1E78, 0x1E79, 0x1E7A, 0x1E7B, 0x1E7C, 0x1E7D, 0x1E7E, 0x1E7F, 0x1E80, 0x1E81,
        0x1E82, 0x1E83, 0x1E84, 0x1E85, 0x1E86, 0x1E87, 0x1E88, 0x1E89, 0x1E8A, 0x1E8B, 0x1E8C, 0x1E8D,
        0x1E8E, 0x1E8F, 0x1E90, 0x1E91, 0x1E92, 0x1E93, 0x1E94, 0x1E95, 0x1E9A, 0x1E9B, 0x1E9C, 0x1E9E,
        0x1E9F, 0x1EA0, 0x1EA1, 0x1EA2, 0x1EA3, 0x1EA4, 0x1EA5, 0x1EA6, 0x1EA7, 0x1EA8, 0x1EA9, 0x1EAA,
        0x1EAB, 0x1EAC, 0x1EAD, 0x1EAE, 0x1EAF, 0x1EB0, 0x1EB1, 0x1EB2, 0x1EB3, 0x1EB4, 0x1EB5, 0x1EB6,
        0x1EB7, 0x1EB8, 0x1EB9, 0x1EBA, 0x1EBB, 0x1EBC, 0x1EBD, 0x1EBE, 0x1EBF, 0x1EC0, 0x1EC1, 0x1EC2,
        0x1EC3, 0x1EC4, 0x1EC5, 0x1EC6, 0x1EC7, 0x1EC8, 0x1EC9, 0x1ECA, 0x1ECB, 0x1ECC, 0x1ECD, 0x1ECE,
        0x1ECF, 0x1ED0, 0x1ED1, 0x1ED2, 0x1ED3, 0x1ED4, 0x1ED5, 0x1ED6, 0x1ED7, 0x1ED8, 0x1ED9, 0x1EDA,
        0x1EDB, 0x1EDC, 0x1EDD, 0x1EDE, 0x1EDF, 0x1EE0, 0x1EE1, 0x1EE2, 0x1EE3, 0x1EE4, 0x1EE5, 0x1EE6,
        0x1EE7, 0x1EE8, 0x1EE9, 0x1EEA, 0x1EEB, 0x1EEC, 0x1EED, 0x1EEE, 0x1EEF, 0x1EF0, 0x1EF1, 0x1EF2,
        0x1EF3, 0x1EF4, 0x1EF5, 0x1EF6, 0x1EF7, 0x1EF8, 0x1EF9, 0x1EFA, 0x1EFB, 0x1EFC, 0x1EFD, 0x1EFE,
        0x1EFF, 0x1F08, 0x1F09, 0x1F0A, 0x1F0B, 0x1F0C, 0x1F0D, 0x1F0E, 0x1F0F, 0x1F10, 0x1F16, 0x1F18,
        0x1F19, 0x1F1A, 0x1F1B, 0x1F1C, 0x1F1D, 0x1F1E, 0x1F20, 0x1F28, 0x1F29, 0x1F2A, 0x1F2B, 0x1F2C,
        0x1F2D, 0x1F2E, 0x1F2F, 0x1F30, 0x1F38, 0x1F39, 0x1F3A, 0x1F3B, 0x1F3C, 0x1F3D, 0x1F3E, 0x1F3F,
        0x1F40, 0x1F46, 0x1F48, 0x1F49, 0x1F4A, 0x1F4B, 0x1F4C, 0x1F4D, 0x1F4E, 0x1F50, 0x1F58, 0x1F59,
        0x1F5A, 0x1F5B, 0x1F5C, 0x1F5D, 0x1F5E, 0x1F5F, 0x1F60, 0x1F68, 0x1F69, 0x1F6A, 0x1F6B, 0x1F6C,
        0x1F6D, 0x1F6E, 0x1F6F, 0x1F70, 0x1F71, 0x1F72, 0x1F73, 0x1F74, 0x1F75, 0x1F76, 0x1F77, 0x1F78,
        0x1F79, 0x1F7A, 0x1F7B, 0x1F7C, 0x1F7D, 0x1F7E, 0x1F80, 0x1F81, 0x1F82, 0x1F83, 0x1F84, 0x1F85,
        0x1F86, 0x1F87, 0x1F88, 0x1F89, 0x1F8A, 0x1F8B, 0x1F8C, 0x1F8D, 0x1F8E, 0x1F8F, 0x1F90, 0x1F91,
        0x1F92, 0x1F93, 0x1F94, 0x1F95, 0x1F96, 0x1F97, 0x1F98, 0x1F99, 0x1F9A, 0x1F9B, 0x1F9C, 0x1F9D,
        0x1F9E, 0x1F9F, 0x1FA0, 0x1FA1, 0x1FA2, 0x1FA3, 0x1FA4, 0x1FA5, 0x1FA6, 0x1FA7, 0x1FA8, 0x1FA9,
        0x1FAA, 0x1FAB, 0x1FAC, 0x1FAD, 0x1FAE, 0x1FAF, 0x1FB0, 0x1FB2, 0x1FB3, 0x1FB4, 0x1FB5, 0x1FB6,
        0x1FB7, 0x1FB8, 0x1FB9, 0x1FBA, 0x1FBB, 0x1FBC, 0x1FBD, 0x1FBE, 0x1FBF, 0x1FC0, 0x1FC1, 0x1FC2,
        0x1FC3, 0x1FC4, 0x1FC5, 0x1FC6, 0x1FC7, 0x1FC8, 0x1FC9, 0x1FCA, 0x1FCB, 0x1FCC, 0x1FCD, 0x1FCE,
        0x1FCF, 0x1FD0, 0x1FD3, 0x1FD4, 0x1FD6, 0x1FD8, 0x1FD9, 0x1FDA, 0x1FDB, 0x1FDC, 0x1FDD, 0x1FDE,
        0x1FDF, 0x1FE0, 0x1FE3, 0x1FE4, 0x1FE8, 0x1FE9, 0x1FEA, 0x1FEB, 0x1FEC, 0x1FED, 0x1FEE, 0x1FEF,
        0x1FF0, 0x1FF2, 0x1FF3, 0x1FF4, 0x1FF5, 0x1FF6, 0x1FF7, 0x1FF8, 0x1FF9, 0x1FFA, 0x1FFB, 0x1FFC,
        0x1FFD, 0x1FFE, 0x1FFF, 0x2000, 0x200B, 0x200C, 0x200E, 0x2010, 0x2011, 0x2012, 0x2017, 0x2018,
        0x2024, 0x2027, 0x2028, 0x202F, 0x2030, 0x2033, 0x2034, 0x2035, 0x2036, 0x2037, 0x2038, 0x203C,
        0x203D, 0x203E, 0x203F, 0x2047, 0x2048, 0x2049, 0x204A, 0x2057, 0x2058, 0x205F, 0x2060, 0x2065,
        0x206A, 0x2070, 0x2071, 0x2072, 0x2074, 0x2075, 0x2076, 0x2077, 0x2078, 0x2079, 0x207A, 0x207B,
        0x207C, 0x207D, 0x207E, 0x207F, 0x2080, 0x2081, 0x2082, 0x2083, 0x2084, 0x2085, 0x2086, 0x2087,
        0x2088, 0x2089, 0x208A, 0x208B, 0x208C, 0x208D, 0x208E, 0x208F, 0x2090, 0x2091, 0x2092, 0x2093,
        0x2094, 0x2095, 0x2096, 0x2097, 0x2098, 0x2099, 0x209A, 0x209B, 0x209C, 0x209D, 0x20A0, 0x20A8,
        0x20A9, 0x20C2, 0x20D0, 0x20F1, 0x2100, 0x2101, 0x2102, 0x2103, 0x2104, 0x2105, 0x2106, 0x2107,
        0x2108, 0x2109, 0x210A, 0x210B, 0x210F, 0x2110, 0x2112, 0x2114, 0x2115, 0x2116, 0x2117, 0x2119,
        0x211A, 0x211B, 0x211E, 0x2120, 0x2121, 0x2122, 0x2123, 0x2124, 0x2125, 0x2126, 0x2127, 0x2128,
        0x2129, 0x212A, 0x212B, 0x212C, 0x212D, 0x212E, 0x212F, 0x2131, 0x2132, 0x2133, 0x2134, 0x2135,
        0x2136, 0x2137, 0x2138, 0x2139, 0x213A, 0x213B, 0x213C, 0x213D, 0x213F, 0x2140, 0x2141, 0x2145,
        0x2147, 0x2148, 0x2149, 0x214A, 0x2150, 0x2151, 0x2152, 0x2153, 0x2154, 0x2155, 0x2156, 0x2157,
        0x2158, 0x2159, 0x215A, 0x215B, 0x215C, 0x215D, 0x215E, 0x215F, 0x2160, 0x2161, 0x2162, 0x2163,
        0x2164, 0x2165, 0x2166, 0x2167, 0x2168, 0x2169, 0x216A, 0x216B, 0x216C, 0x216D, 0x216E, 0x216F,
        0x2170, 0x2171, 0x2172, 0x2173, 0x2174, 0x2175, 0x2176, 0x2177, 0x2178, 0x2179, 0x217A, 0x217B,
        0x217C, 0x217D, 0x217E, 0x217F, 0x2180, 0x2183, 0x2184, 0x2189, 0x218A, 0x218C, 0x2190, 0x222C,
        0x222D, 0x222E, 0x222F, 0x2230, 0x2231, 0x2329, 0x232A, 0x232B, 0x242A, 0x2440, 0x244B, 0x2460,
        0x2461, 0x2462, 0x2463, 0x2464, 0x2465, 0x2466, 0x2467, 0x2468, 0x2469, 0x246A, 0x246B, 0x246C,
        0x246D, 0x246E, 0x246F, 0x2470, 0x2471, 0x2472, 0x2473, 0x2474, 0x2475, 0x2476, 0x2477, 0x2478,
        0x2479, 0x247A, 0x247B, 0x247C, 0x247D, 0x247E, 0x247F, 0x2480, 0x2481, 0x2482, 0x2483, 0x2484,
        0x2485, 0x2486, 0x2487, 0x2488, 0x249C, 0x249D, 0x249E, 0x249F, 0x24A0, 0x24A1, 0x24A2, 0x24A3,
        0x24A4, 0x24A5, 0x24A6, 0x24A7, 0x24A8, 0x24A9, 0x24AA, 0x24AB, 0x24AC, 0x24AD, 0x24AE, 0x24AF,
        0x24B0, 0x24B1, 0x24B2, 0x24B3, 0x24B4, 0x24B5, 0x24B6, 0x24B7, 0x24B8, 0x24B9, 0x24BA, 0x24BB,
        0x24BC, 0x24BD, 0x24BE, 0x24BF, 0x24C0, 0x24C1, 0x24C2, 0x24C3, 0x24C4, 0x24C5, 0x24C6, 0x24C7,
        0x24C8, 0x24C9, 0x24CA, 0x24CB, 0x24CC, 0x24CD, 0x24CE, 0x24CF, 0x24D0, 0x24D1, 0x24D2, 0x24D3,
        0x24D4, 0x24D5, 0x24D6, 0x24D7, 0x24D8, 0x24D9, 0x24DA, 0x24DB, 0x24DC, 0x24DD, 0x24DE, 0x24DF,
        0x24E0, 0x24E1, 0x24E2, 0x24E3, 0x24E4, 0x24E5, 0x24E6, 0x24E7, 0x24E8, 0x24E9, 0x24EA, 0x24EB,
        0x2A0C, 0x2A0D, 0x2A74, 0x2A75, 0x2A76, 0x2A77, 0x2ADC, 0x2ADD, 0x2B74, 0x2B76, 0x2C00, 0x2C01,
        0x2C02, 0x2C03, 0x2C04, 0x2C05, 0x2C06, 0x2C07, 0x2C08, 0x2C09, 0x2C0A, 0x2C0B, 0x2C0C, 0x2C0D,
        0x2C0E, 0x2C0F, 0x2C10, 0x2C11, 0x2C12, 0x2C13, 0x2C14, 0x2C15, 0x2C16, 0x2C17, 0x2C18, 0x2C19,
        0x2C1A, 0x2C1B, 0x2C1C, 0x2C1D, 0x2C1E, 0x2C1F, 0x2C20, 0x2C21, 0x2C22, 0x2C23, 0x2C24, 0x2C25,
        0x2C26, 0x2C27, 0x2C28, 0x2C29, 0x2C2A, 0x2C2B, 0x2C2C, 0x2C2D, 0x2C2E, 0x2C2F, 0x2C30, 0x2C60,
        0x2C61, 0x2C62, 0x2C63, 0x2C64, 0x2C65, 0x2C67, 0x2C68, 0x2C69, 0x2C6A, 0x2C6B, 0x2C6C, 0x2C6D,
        0x2C6E, 0x2C6F, 0x2C70, 0x2C71, 0x2C72, 0x2C73, 0x2C75, 0x2C76, 0x2C7C, 0x2C7D, 0x2C7E, 0x2C7F,
        0x2C80, 0x2C81, 0x2C82, 0x2C83, 0x2C84, 0x2C85, 0x2C86, 0x2C87, 0x2C88, 0x2C89, 0x2C8A, 0x2C8B,
        0x2C8C, 0x2C8D, 0x2C8E, 0x2C8F, 0x2C90, 0x2C91, 0x2C92, 0x2C93, 0x2C94, 0x2C95, 0x2C96, 0x2C97,
        0x2C98, 0x2C99, 0x2C9A, 0x2C9B, 0x2C9C, 0x2C9D, 0x2C9E, 0x2C9F, 0x2CA0, 0x2CA1, 0x2CA2, 0x2CA3,
        0x2CA4, 0x2CA5, 0x2CA6, 0x2CA7, 0x2CA8, 0x2CA9, 0x2CAA, 0x2CAB, 0x2CAC, 0x2CAD, 0x2CAE, 0x2CAF,
        0x2CB0, 0x2CB1, 0x2CB2, 0x2CB3, 0x2CB4, 0x2CB5, 0x2CB6, 0x2CB7, 0x2CB8, 0x2CB9, 0x2CBA, 0x2CBB,
        0x2CBC, 0x2CBD, 0x2CBE, 0x2CBF, 0x2CC0, 0x2CC1, 0x2CC2, 0x2CC3, 0x2CC4, 0x2CC5, 0x2CC6, 0x2CC7,
        0x2CC8, 0x2CC9, 0x2CCA, 0x2CCB, 0x2CCC, 0x2CCD, 0x2CCE, 0x2CCF, 0x2CD0, 0x2CD1, 0x2CD2, 0x2CD3,
        0x2CD4, 0x2CD5, 0x2CD6, 0x2CD7, 0x2CD8, 0x2CD9, 0x2CDA, 0x2CDB, 0x2CDC, 0x2CDD, 0x2CDE, 0x2CDF,
        0x2CE0, 0x2CE1, 0x2CE2, 0x2CE3, 0x2CEB, 0x2CEC, 0x2CED, 0x2CEE, 0x2CF2, 0x2CF3, 0x2CF4, 0x2CF9,
        0x2D26, 0x2D27, 0x2D28, 0x2D2D, 0x2D2E, 0x2D30, 0x2D68, 0x2D6F, 0x2D70, 0x2D71, 0x2D7F, 0x2D97,
        0x2DA0, 0x2DA7, 0x2DA8, 0x2DAF, 0x2DB0, 0x2DB7, 0x2DB8, 0x2DBF, 0x2DC0, 0x2DC7, 0x2DC8, 0x2DCF,
        0x2DD0, 0x2DD7, 0x2DD8, 0x2DDF, 0x2DE0, 0x2E5E, 0x2E80, 0x2E9A, 0x2E9B, 0x2E9F, 0x2EA0, 0x2EF3,
        0x2EF4, 0x2F00, 0x2F01, 0x2F02, 0x2F03, 0x2F04, 0x2F05, 0x2F06, 0x2F07, 0x2F08, 0x2F09, 0x2F0A,
        0x2F0B, 0x2F0C, 0x2F0D, 0x2F0E, 0x2F0F, 0x2F10, 0x2F11, 0x2F12, 0x2F13, 0x2F14, 0x2F15, 0x2F16,
        0x2F17, 0x2F18, 0x2F19, 0x2F1A, 0x2F1B, 0x2F1C, 0x2F1D, 0x2F1E, 0x2F1F, 0x2F20, 0x2F21, 0x2F22,
        0x2F23, 0x2F24, 0x2F25, 0x2F26, 0x2F27, 0x2F28, 0x2F29, 0x2F2A, 0x2F2B, 0x2F2C, 0x2F2D, 0x2F2E,
        0x2F2F, 0x2F30, 0x2F31, 0x2F32, 0x2F33, 0x2F34, 0x2F35, 0x2F36, 0x2F37, 0x2F38, 0x2F39, 0x2F3A,
        0x2F3B, 0x2F3C, 0x2F3D, 0x2F3E, 0x2F3F, 0x2F40, 0x2F41, 0x2F42, 0x2F43, 0x2F44, 0x2F45, 0x2F46,
        0x2F47, 0x2F48, 0x2F49, 0x2F4A, 0x2F4B, 0x2F4C, 0x2F4D, 0x2F4E, 0x2F4F, 0x2F50, 0x2F51, 0x2F52,
        0x2F53, 0x2F54, 0x2F55, 0x2F56, 0x2F57, 0x2F58, 0x2F59, 0x2F5A, 0x2F5B, 0x2F5C, 0x2F5D, 0x2F5E,
        0x2F5F, 0x2F60, 0x2F61, 0x2F62, 0x2F63, 0x2F64, 0x2F65, 0x2F66, 0x2F67, 0x2F68, 0x2F69, 0x2F6A,
        0x2F6B, 0x2F6C, 0x2F6D, 0x2F6E, 0x2F6F, 0x2F70, 0x2F71, 0x2F72, 0x2F73, 0x2F74, 0x2F75, 0x2F76,
        0x2F77, 0x2F78, 0x2F79, 0x2F7A, 0x2F7B, 0x2F7C, 0x2F7D, 0x2F7E, 0x2F7F, 0x2F80, 0x2F81, 0x2F82,
        0x2F83, 0x2F84, 0x2F85, 0x2F86, 0x2F87, 0x2F88, 0x2F89, 0x2F8A, 0x2F8B, 0x2F8C, 0x2F8D, 0x2F8E,
        0x2F8F, 0x2F90, 0x2F91, 0x2F92, 0x2F93, 0x2F94, 0x2F95, 0x2F96, 0x2F97, 0x2F98, 0x2F99, 0x2F9A,
        0x2F9B, 0x2F9C, 0x2F9D, 0x2F9E, 0x2F9F, 0x2FA0, 0x2FA1, 0x2FA2, 0x2FA3, 0x2FA4, 0x2FA5, 0x2FA6,
        0x2FA7, 0x2FA8, 0x2FA9, 0x2FAA, 0x2FAB, 0x2FAC, 0x2FAD, 0x2FAE, 0x2FAF, 0x2FB0, 0x2FB1, 0x2FB2,
        0x2FB3, 0x2FB4, 0x2FB5, 0x2FB6, 0x2FB7, 0x2FB8, 0x2FB9, 0x2FBA, 0x2FBB, 0x2FBC, 0x2FBD, 0x2FBE,
        0x2FBF, 0x2FC0, 0x2FC1, 0x2FC2, 0x2FC3, 0x2FC4, 0x2FC5, 0x2FC6, 0x2FC7, 0x2FC8, 0x2FC9, 0x2FCA,
        0x2FCB, 0x2FCC, 0x2FCD, 0x2FCE, 0x2FCF, 0x2FD0, 0x2FD1, 0x2FD2, 0x2FD3, 0x2FD4, 0x2FD5, 0x2FD6,
        0x3000, 0x3001, 0x3002, 0x3003, 0x3036, 0x3037, 0x3038, 0x3039, 0x303A, 0x303B, 0x3040, 0x3041,
        0x3097, 0x3099, 0x309B, 0x309C, 0x309D, 0x309F, 0x30A0, 0x30FF, 0x3100, 0x3105, 0x3130, 0x3131,
        0x3132, 0x3133, 0x3134, 0x3135, 0x3136, 0x3137, 0x3138, 0x3139, 0x313A, 0x313B, 0x313C, 0x313D,
        0x313E, 0x313F, 0x3140, 0x3141, 0x3142, 0x3143, 0x3144, 0x3145, 0x3146, 0x3147, 0x3148, 0x3149,
        0x314A, 0x314B, 0x314C, 0x314D, 0x314E, 0x314F, 0x3150, 0x3151, 0x3152, 0x3153, 0x3154, 0x3155,
        0x3156, 0x3157, 0x3158, 0x3159, 0x315A, 0x315B, 0x315C, 0x315D, 0x315E, 0x315F, 0x3160, 0x3161,
        0x3162, 0x3163, 0x3164, 0x3165, 0x3166, 0x3167, 0x3168, 0x3169, 0x316A, 0x316B, 0x316C, 0x316D,
        0x316E, 0x316F, 0x3170, 0x3171, 0x3172, 0x3173, 0x3174, 0x3175, 0x3176, 0x3177, 0x3178, 0x3179,
        0x317A, 0x317B, 0x317C, 0x317D, 0x317E, 0x317F, 0x3180, 0x3181, 0x3182, 0x3183, 0x3184, 0x3185,
        0x3186, 0x3187, 0x3188, 0x3189, 0x318A, 0x318B, 0x318C, 0x318D, 0x318E, 0x318F, 0x3190, 0x3192,
        0x3193, 0x3194, 0x3195, 0x3196, 0x3197, 0x3198, 0x3199, 0x319A, 0x319B, 0x319C, 0x319D, 0x319E,
        0x319F, 0x31A0, 0x31E6, 0x31F0, 0x3200, 0x3201, 0x3202, 0x3203, 0x3204, 0x3205, 0x3206, 0x3207,
        0x3208, 0x3209, 0x320A, 0x320B, 0x320C, 0x320D, 0x320E, 0x320F, 0x3210, 0x3211, 0x3212, 0x3213,
        0x3214, 0x3215, 0x3216, 0x3217, 0x3218, 0x3219, 0x321A, 0x321B, 0x321C, 0x321D, 0x321E, 0x321F,
        0x3220, 0x3221, 0x3222, 0x3223, 0x3224, 0x3225, 0x3226, 0x3227, 0x3228, 0x3229, 0x322A, 0x322B,
        0x322C, 0x322D, 0x322E, 0x322F, 0x3230, 0x3231, 0x3232, 0x3233, 0x3234, 0x3235, 0x3236, 0x3237,
        0x3238, 0x3239, 0x323A, 0x323B, 0x323C, 0x323D, 0x323E, 0x323F, 0x3240, 0x3241, 0x3242, 0x3243,
        0x3244, 0x3245, 0x3246, 0x3247, 0x3248, 0x3250, 0x3251, 0x3252, 0x3253, 0x3254, 0x3255, 0x3256,
        0x3257, 0x3258, 0x3259, 0x325A, 0x325B, 0x325C, 0x325D, 0x325E, 0x325F, 0x3260, 0x3261, 0x3262,
        0x3263, 0x3264, 0x3265, 0x3266, 0x3267, 0x3268, 0x3269, 0x326A, 0x326B, 0x326C, 0x326D, 0x326E,
        0x326F, 0x3270, 0x3271, 0x3272, 0x3273, 0x3274, 0x3275, 0x3276, 0x3277, 0x3278, 0x3279, 0x327A,
        0x327B, 0x327C, 0x327D, 0x327E, 0x327F, 0x3280, 0x3281, 0x3282, 0x3283, 0x3284, 0x3285, 0x3286,
        0x3287, 0x3288, 0x3289, 0x328A, 0x328B, 0x328C, 0x328D, 0x328E, 0x328F, 0x3290, 0x3291, 0x3292,
        0x3293, 0x3294, 0x3295, 0x3296, 0x3297, 0x3298, 0x3299, 0x329A, 0x329B, 0x329C, 0x329D, 0x329E,
        0x329F, 0x32A0, 0x32A1, 0x32A2, 0x32A3, 0x32A4, 0x32A5, 0x32A6, 0x32A7, 0x32A8, 0x32A9, 0x32AA,
        0x32AB, 0x32AC, 0x32AD, 0x32AE, 0x32AF, 0x32B0, 0x32B1, 0x32B2, 0x32B3, 0x32B4, 0x32B5, 0x32B6,
        0x32B7, 0x32B8, 0x32B9, 0x32BA, 0x32BB, 0x32BC, 0x32BD, 0x32BE, 0x32BF, 0x32C0, 0x32C1, 0x32C2,
        0x32C3, 0x32C4, 0x32C5, 0x32C6, 0x32C7, 0x32C8, 0x32C9, 0x32CA, 0x32CB, 0x32CC, 0x32CD, 0x32CE,
        0x32CF, 0x32D0, 0x32D1, 0x32D2, 0x32D3, 0x32D4, 0x32D5, 0x32D6, 0x32D7, 0x32D8, 0x32D9, 0x32DA,
        0x32DB, 0x32DC, 0x32DD, 0x32DE, 0x32DF, 0x32E0, 0x32E1, 0x32E2, 0x32E3, 0x32E4, 0x32E5, 0x32E6,
        0x32E7, 0x32E8, 0x32E9, 0x32EA, 0x32EB, 0x32EC, 0x32ED, 0x32EE, 0x32EF, 0x32F0, 0x32F1, 0x32F2,
        0x32F3, 0x32F4, 0x32F5, 0x32F6, 0x32F7, 0x32F8, 0x32F9, 0x32FA, 0x32FB, 0x32FC, 0x32FD, 0x32FE,
        0x32FF, 0x3300, 0x3301, 0x3302, 0x3303, 0x3304, 0x3305, 0x3306, 0x3307, 0x3308, 0x3309, 0x330A,
        0x330B, 0x330C, 0x330D, 0x330E, 0x330F, 0x3310, 0x3311, 0x3312, 0x3313, 0x3314, 0x3315, 0x3316,
        0x3317, 0x3318, 0x3319, 0x331A, 0x331B, 0x331C, 0x331D, 0x331E, 0x331F, 0x3320, 0x3321, 0x3322,
        0x3323, 0x3324, 0x3325, 0x3326, 0x3327, 0x3328, 0x3329, 0x332A, 0x332B, 0x332C, 0x332D, 0x332E,
        0x332F, 0x3330, 0x3331, 0x3332, 0x3333, 0x3334, 0x3335, 0x3336, 0x3337, 0x3338, 0x3339, 0x333A,
        0x333B, 0x333C, 0x333D, 0x333E, 0x333F, 0x3340, 0x3341, 0x3342, 0x3343, 0x3344, 0x3345, 0x3346,
        0x3347, 0x3348, 0x3349, 0x334A, 0x334B, 0x334C, 0x334D, 0x334E, 0x334F, 0x3350, 0x3351, 0x3352,
        0x3353, 0x3354, 0x3355, 0x3356, 0x3357, 0x3358, 0x3359, 0x335A, 0x335B, 0x335C, 0x335D, 0x335E,
        0x335F, 0x3360, 0x3361, 0x3362, 0x3363, 0x3364, 0x3365, 0x3366, 0x3367, 0x3368, 0x3369, 0x336A,
        0x336B, 0x336C, 0x336D, 0x336E, 0x336F, 0x3370, 0x3371, 0x3372, 0x3373, 0x3374, 0x3375, 0x3376,
        0x3377, 0x3378, 0x3379, 0x337A, 0x337B, 0x337C, 0x337D, 0x337E, 0x337F, 0x3380, 0x3381, 0x3382,
        0x3383, 0x3384, 0x3385, 0x3386, 0x3387, 0x3388, 0x3389, 0x338A, 0x338B, 0x338C, 0x338D, 0x338E,
        0x338F, 0x3390, 0x3391, 0x3392, 0x3393, 0x3394, 0x3395, 0x3396, 0x3397, 0x3398, 0x3399, 0x339A,
        0x339B, 0x339C, 0x339D, 0x339E, 0x339F, 0x33A0, 0x33A1, 0x33A2, 0x33A3, 0x33A4, 0x33A5, 0x33A6,
        0x33A7, 0x33A8, 0x33A9, 0x33AA, 0x33AB, 0x33AC, 0x33AD, 0x33AE, 0x33AF, 0x33B0, 0x33B1, 0x33B2,
        0x33B3, 0x33B4, 0x33B5, 0x33B6, 0x33B7, 0x33B8, 0x33B9, 0x33BA, 0x33BB, 0x33BC, 0x33BD, 0x33BE,
        0x33BF, 0x33C0, 0x33C1, 0x33C2, 0x33C3, 0x33C4, 0x33C5, 0x33C6, 0x33C7, 0x33C8, 0x33C9, 0x33CA,
        0x33CB, 0x33CC, 0x33CD, 0x33CE, 0x33CF, 0x33D0, 0x33D1, 0x33D2, 0x33D3, 0x33D4, 0x33D5, 0x33D6,
        0x33D7, 0x33D8, 0x33D9, 0x33DA, 0x33DB, 0x33DC, 0x33DD, 0x33DE, 0x33DF, 0x33E0, 0x33E1, 0x33E2,
        0x33E3, 0x33E4, 0x33E5, 0x33E6, 0x33E7, 0x33E8, 0x33E9, 0x33EA, 0x33EB, 0x33EC, 0x33ED, 0x33EE,
        0x33EF, 0x33F0, 0x33F1, 0x33F2, 0x33F3, 0x33F4, 0x33F5, 0x33F6, 0x33F7, 0x33F8, 0x33F9, 0x33FA,
        0x33FB, 0x33FC, 0x33FD, 0x33FE, 0x33FF, 0x3400, 0xA48D, 0xA490, 0xA4C7, 0xA4D0, 0xA62C, 0xA640,
        0xA641, 0xA642, 0xA643, 0xA644, 0xA645, 0xA646, 0xA647, 0xA648, 0xA649, 0xA64A, 0xA64B, 0xA64C,
        0xA64D, 0xA64E, 0xA64F, 0xA650, 0xA651, 0xA652, 0xA653, 0xA654, 0xA655, 0xA656, 0xA657, 0xA658,
        0xA659, 0xA65A, 0xA65B, 0xA65C, 0xA65D, 0xA65E, 0xA65F, 0xA660, 0xA661, 0xA662, 0xA663, 0xA664,
        0xA665, 0xA666, 0xA667, 0xA668, 0xA669, 0xA66A, 0xA66B, 0xA66C, 0xA66D, 0xA680, 0xA681, 0xA682,
        0xA683, 0xA684, 0xA685, 0xA686, 0xA687, 0xA688, 0xA689, 0xA68A, 0xA68B, 0xA68C, 0xA68D, 0xA68E,
        0xA68F, 0xA690, 0xA691, 0xA692, 0xA693, 0xA694, 0xA695, 0xA696, 0xA697, 0xA698, 0xA699, 0xA69A,
        0xA69B, 0xA69C, 0xA69D, 0xA69E, 0xA6F8, 0xA700, 0xA722, 0xA723, 0xA724, 0xA725, 0xA726, 0xA727,
        0xA728, 0xA729, 0xA72A, 0xA72B, 0xA72C, 0xA72D, 0xA72E, 0xA72F, 0xA732, 0xA733, 0xA734, 0xA735,
        0xA736, 0xA737, 0xA738, 0xA739, 0xA73A, 0xA73B, 0xA73C, 0xA73D, 0xA73E, 0xA73F, 0xA740, 0xA741,
        0xA742, 0xA743, 0xA744, 0xA745, 0xA746, 0xA747, 0xA748, 0xA749, 0xA74A, 0xA74B, 0xA74C, 0xA74D,
        0xA74E, 0xA74F, 0xA750, 0xA751, 0xA752, 0xA753, 0xA754, 0xA755, 0xA756, 0xA757, 0xA758, 0xA759,
        0xA75A, 0xA75B, 0xA75C, 0xA75D, 0xA75E, 0xA75F, 0xA760, 0xA761, 0xA762, 0xA763, 0xA764, 0xA765,
        0xA766, 0xA767, 0xA768, 0xA769, 0xA76A, 0xA76B, 0xA76C, 0xA76D, 0xA76E, 0xA76F, 0xA770, 0xA771,
        0xA779, 0xA77A, 0xA77B, 0xA77C, 0xA77D, 0xA77E, 0xA77F, 0xA780, 0xA781, 0xA782, 0xA783, 0xA784,
        0xA785, 0xA786, 0xA787, 0xA78B, 0xA78C, 0xA78D, 0xA78E, 0xA790, 0xA791, 0xA792, 0xA793, 0xA796,
        0xA797, 0xA798, 0xA799, 0xA79A, 0xA79B, 0xA79C, 0xA79D, 0xA79E, 0xA79F, 0xA7A0, 0xA7A1, 0xA7A2,
        0xA7A3, 0xA7A4, 0xA7A5, 0xA7A6, 0xA7A7, 0xA7A8, 0xA7A9, 0xA7AA, 0xA7AB, 0xA7AC, 0xA7AD, 0xA7AE,
        0xA7AF, 0xA7B0, 0xA7B1, 0xA7B2, 0xA7B3, 0xA7B4, 0xA7B5, 0xA7B6, 0xA7B7, 0xA7B8, 0xA7B9, 0xA7BA,
        0xA7BB, 0xA7BC, 0xA7BD, 0xA7BE, 0xA7BF, 0xA7C0, 0xA7C1, 0xA7C2, 0xA7C3, 0xA7C4, 0xA7C5, 0xA7C6,
        0xA7C7, 0xA7C8, 0xA7C9, 0xA7CA, 0xA7CB, 0xA7CC, 0xA7CD, 0xA7CE, 0xA7CF, 0xA7D0, 0xA7D1, 0xA7D2,
        0xA7D3, 0xA7D4, 0xA7D5, 0xA7D6, 0xA7D7, 0xA7D8, 0xA7D9, 0xA7DA, 0xA7DB, 0xA7DC, 0xA7DD, 0xA7F1,
        0xA7F2, 0xA7F3, 0xA7F4, 0xA7F5, 0xA7F6, 0xA7F8, 0xA7F9, 0xA7FA, 0xA82D, 0xA830, 0xA83A, 0xA840,
        0xA878, 0xA880, 0xA8C6, 0xA8CE, 0xA8DA, 0xA8E0, 0xA954, 0xA95F, 0xA97D, 0xA980, 0xA9CE, 0xA9CF,
        0xA9DA, 0xA9DE, 0xA9FF, 0xAA00, 0xAA37, 0xAA40, 0xAA4E, 0xAA50, 0xAA5A, 0xAA5C, 0xAAC3, 0xAADB,
        0xAAF7, 0xAB01, 0xAB07, 0xAB09, 0xAB0F, 0xAB11, 0xAB17, 0xAB20, 0xAB27, 0xAB28, 0xAB2F, 0xAB30,
        0xAB5C, 0xAB5D, 0xAB5E, 0xAB5F, 0xAB60, 0xAB69, 0xAB6A, 0xAB6C, 0xAB70, 0xAB71, 0xAB72, 0xAB73,
        0xAB74, 0xAB75, 0xAB76, 0xAB77, 0xAB78, 0xAB79, 0xAB7A, 0xAB7B, 0xAB7C, 0xAB7D, 0xAB7E, 0xAB7F,
        0xAB80, 0xAB81, 0xAB82, 0xAB83, 0xAB84, 0xAB85, 0xAB86, 0xAB87, 0xAB88, 0xAB89, 0xAB8A, 0xAB8B,
        0xAB8C, 0xAB8D, 0xAB8E, 0xAB8F, 0xAB90, 0xAB91, 0xAB92, 0xAB93, 0xAB94, 0xAB95, 0xAB96, 0xAB97,
        0xAB98, 0xAB99, 0xAB9A, 0xAB9B, 0xAB9C, 0xAB9D, 0xAB9E, 0xAB9F, 0xABA0, 0xABA1, 0xABA2, 0xABA3,
        0xABA4, 0xABA5, 0xABA6, 0xABA7, 0xABA8, 0xABA9, 0xABAA, 0xABAB, 0xABAC, 0xABAD, 0xABAE, 0xABAF,
        0xABB0, 0xABB1, 0xABB2, 0xABB3, 0xABB4, 0xABB5, 0xABB6, 0xABB7, 0xABB8, 0xABB9, 0xABBA, 0xABBB,
        0xABBC, 0xABBD, 0xABBE, 0xABBF, 0xABC0, 0xABEE, 0xABF0, 0xABFA, 0xAC00, 0xD7A4, 0xD7B0, 0xD7C7,
        0xD7CB, 0xD7FC, 0xF900, 0xF901, 0xF902, 0xF903, 0xF904, 0xF905, 0xF906, 0xF907, 0xF909, 0xF90A,
        0xF90B, 0xF90C, 0xF90D, 0xF90E, 0xF90F, 0xF910, 0xF911, 0xF912, 0xF913, 0xF914, 0xF915, 0xF916,
        0xF917, 0xF918, 0xF919, 0xF91A, 0xF91B, 0xF91C, 0xF91D, 0xF91E, 0xF91F, 0xF920, 0xF921, 0xF922,
        0xF923, 0xF924, 0xF925, 0xF926, 0xF927, 0xF928, 0xF929, 0xF92A, 0xF92B, 0xF92C, 0xF92D, 0xF92E,
        0xF92F, 0xF930, 0xF931, 0xF932, 0xF933, 0xF934, 0xF935, 0xF936, 0xF937, 0xF938, 0xF939, 0xF93A,
        0xF93B, 0xF93C, 0xF93D, 0xF93E, 0xF93F, 0xF940, 0xF941, 0xF942, 0xF943, 0xF944, 0xF945, 0xF946,
        0xF947, 0xF948, 0xF949, 0xF94A, 0xF94B, 0xF94C, 0xF94D, 0xF94E, 0xF94F, 0xF950, 0xF951, 0xF952,
        0xF953, 0xF954, 0xF955, 0xF956, 0xF957, 0xF958, 0xF959, 0xF95A, 0xF95B, 0xF95C, 0xF95D, 0xF95E,
        0xF95F, 0xF960, 0xF961, 0xF962, 0xF963, 0xF964, 0xF965, 0xF966, 0xF967, 0xF968, 0xF969, 0xF96A,
        0xF96B, 0xF96C, 0xF96D, 0xF96E, 0xF96F, 0xF970, 0xF971, 0xF972, 0xF973, 0xF974, 0xF975, 0xF976,
        0xF977, 0xF978, 0xF979, 0xF97A, 0xF97B, 0xF97C, 0xF97D, 0xF97E, 0xF97F, 0xF980, 0xF981, 0xF982,
        0xF983, 0xF984, 0xF985, 0xF986, 0xF987, 0xF988, 0xF989, 0xF98A, 0xF98B, 0xF98C, 0xF98D, 0xF98E,
        0xF98F, 0xF990, 0xF991, 0xF992, 0xF993, 0xF994, 0xF995, 0xF996, 0xF997, 0xF998, 0xF999, 0xF99A,
        0xF99B, 0xF99C, 0xF99D, 0xF99E, 0xF99F, 0xF9A0, 0xF9A1, 0xF9A2, 0xF9A3, 0xF9A4, 0xF9A5, 0xF9A6,
        0xF9A7, 0xF9A8, 0xF9A9, 0xF9AA, 0xF9AB, 0xF9AC, 0xF9AD, 0xF9AE, 0xF9AF, 0xF9B0, 0xF9B1, 0xF9B2,
        0xF9B3, 0xF9B4, 0xF9B5, 0xF9B6, 0xF9B7, 0xF9B8, 0xF9B9, 0xF9BA, 0xF9BB, 0xF9BC, 0xF9BD, 0xF9BE,
        0xF9BF, 0xF9C0, 0xF9C1, 0xF9C2, 0xF9C3, 0xF9C4, 0xF9C5, 0xF9C6, 0xF9C7, 0xF9C8, 0xF9C9, 0xF9CA,
        0xF9CB, 0xF9CC, 0xF9CD, 0xF9CE, 0xF9CF, 0xF9D0, 0xF9D1, 0xF9D2, 0xF9D3, 0xF9D4, 0xF9D5, 0xF9D6,
        0xF9D7, 0xF9D8, 0xF9D9, 0xF9DA, 0xF9DB, 0xF9DC, 0xF9DD, 0xF9DE, 0xF9DF, 0xF9E0, 0xF9E1, 0xF9E2,
        0xF9E3, 0xF9E4, 0xF9E5, 0xF9E6, 0xF9E7, 0xF9E8, 0xF9E9, 0xF9EA, 0xF9EB, 0xF9EC, 0xF9ED, 0xF9EE,
        0xF9EF, 0xF9F0, 0xF9F1, 0xF9F2, 0xF9F3, 0xF9F4, 0xF9F5, 0xF9F6, 0xF9F7, 0xF9F8, 0xF9F9, 0xF9FA,
        0xF9FB, 0xF9FC, 0xF9FD, 0xF9FE, 0xF9FF, 0xFA00, 0xFA01, 0xFA02, 0xFA03, 0xFA04, 0xFA05, 0xFA06,
        0xFA07, 0xFA08, 0xFA09, 0xFA0A, 0xFA0B, 0xFA0C, 0xFA0D, 0xFA0E, 0xFA10, 0xFA11, 0xFA12, 0xFA13,
        0xFA15, 0xFA16, 0xFA17, 0xFA18, 0xFA19, 0xFA1A, 0xFA1B, 0xFA1C, 0xFA1D, 0xFA1E, 0xFA1F, 0xFA20,
        0xFA21, 0xFA22, 0xFA23, 0xFA25, 0xFA26, 0xFA27, 0xFA2A, 0xFA2B, 0xFA2C, 0xFA2D, 0xFA2E, 0xFA2F,
        0xFA30, 0xFA31, 0xFA32, 0xFA33, 0xFA34, 0xFA35, 0xFA36, 0xFA37, 0xFA38, 0xFA39, 0xFA3A, 0xFA3B,
        0xFA3C, 0xFA3D, 0xFA3E, 0xFA3F, 0xFA40, 0xFA41, 0xFA42, 0xFA43, 0xFA44, 0xFA45, 0xFA46, 0xFA47,
        0xFA48, 0xFA49, 0xFA4A, 0xFA4B, 0xFA4C, 0xFA4D, 0xFA4E, 0xFA4F, 0xFA50, 0xFA51, 0xFA52, 0xFA53,
        0xFA54, 0xFA55, 0xFA56, 0xFA57, 0xFA58, 0xFA59, 0xFA5A, 0xFA5B, 0xFA5C, 0xFA5D, 0xFA5F, 0xFA60,
        0xFA61, 0xFA62, 0xFA63, 0xFA64, 0xFA65, 0xFA66, 0xFA67, 0xFA68, 0xFA69, 0xFA6A, 0xFA6B, 0xFA6C,
        0xFA6D, 0xFA6E, 0xFA70, 0xFA71, 0xFA72, 0xFA73, 0xFA74, 0xFA75, 0xFA76, 0xFA77, 0xFA78, 0xFA79,
        0xFA7A, 0xFA7B, 0xFA7C, 0xFA7D, 0xFA7E, 0xFA7F, 0xFA80, 0xFA81, 0xFA82, 0xFA83, 0xFA84, 0xFA85,
        0xFA86, 0xFA87, 0xFA88, 0xFA89, 0xFA8A, 0xFA8B, 0xFA8C, 0xFA8D, 0xFA8E, 0xFA8F, 0xFA90, 0xFA91,
        0xFA92, 0xFA93, 0xFA94, 0xFA95, 0xFA96, 0xFA97, 0xFA98, 0xFA99, 0xFA9A, 0xFA9B, 0xFA9C, 0xFA9D,
        0xFA9E, 0xFA9F, 0xFAA0, 0xFAA1, 0xFAA2, 0xFAA3, 0xFAA4, 0xFAA5, 0xFAA6, 0xFAA7, 0xFAA8, 0xFAA9,
        0xFAAA, 0xFAAB, 0xFAAC, 0xFAAD, 0xFAAE, 0xFAAF, 0xFAB0, 0xFAB1, 0xFAB2, 0xFAB3, 0xFAB4, 0xFAB5,
        0xFAB6, 0xFAB7, 0xFAB8, 0xFAB9, 0xFABA, 0xFABB, 0xFABC, 0xFABD, 0xFABE, 0xFABF, 0xFAC0, 0xFAC1,
        0xFAC2, 0xFAC3, 0xFAC4, 0xFAC5, 0xFAC6, 0xFAC7, 0xFAC8, 0xFAC9, 0xFACA, 0xFACB, 0xFACC, 0xFACD,
        0xFACE, 0xFACF, 0xFAD0, 0xFAD1, 0xFAD2, 0xFAD3, 0xFAD4, 0xFAD5, 0xFAD6, 0xFAD7, 0xFAD8, 0xFAD9,
        0xFADA, 0xFB00, 0xFB01, 0xFB02, 0xFB03, 0xFB04, 0xFB05, 0xFB07, 0xFB13, 0xFB14, 0xFB15, 0xFB16,
        0xFB17, 0xFB18, 0xFB1D, 0xFB1E, 0xFB1F, 0xFB20, 0xFB21, 0xFB22, 0xFB23, 0xFB24, 0xFB25, 0xFB26,
        0xFB27, 0xFB28, 0xFB29, 0xFB2A, 0xFB2B, 0xFB2C, 0xFB2D, 0xFB2E, 0xFB2F, 0xFB30, 0xFB31, 0xFB32,
        0xFB33, 0xFB34, 0xFB35, 0xFB36, 0xFB37, 0xFB38, 0xFB39, 0xFB3A, 0xFB3B, 0xFB3C, 0xFB3D, 0xFB3E,
        0xFB3F, 0xFB40, 0xFB41, 0xFB42, 0xFB43, 0xFB44, 0xFB45, 0xFB46, 0xFB47, 0xFB48, 0xFB49, 0xFB4A,
        0xFB4B, 0xFB4C, 0xFB4D, 0xFB4E, 0xFB4F, 0xFB50, 0xFB52, 0xFB56, 0xFB5A, 0xFB5E, 0xFB62, 0xFB66,
        0xFB6A, 0xFB6E, 0xFB72, 0xFB76, 0xFB7A, 0xFB7E, 0xFB82, 0xFB84, 0xFB86, 0xFB88, 0xFB8A, 0xFB8C,
        0xFB8E, 0xFB92, 0xFB96, 0xFB9A, 0xFB9E, 0xFBA0, 0xFBA4, 0xFBA6, 0xFBAA, 0xFBAE, 0xFBB0, 0xFBB2,
        0xFBD3, 0xFBD7, 0xFBD9, 0xFBDB, 0xFBDD, 0xFBDE, 0xFBE0, 0xFBE2, 0xFBE4, 0xFBE8, 0xFBEA, 0xFBEC,
        0xFBEE, 0xFBF0, 0xFBF2, 0xFBF4, 0xFBF6, 0xFBF9, 0xFBFC, 0xFC00, 0xFC01, 0xFC02, 0xFC03, 0xFC04,
        0xFC05, 0xFC06, 0xFC07, 0xFC08, 0xFC09, 0xFC0A, 0xFC0B, 0xFC0C, 0xFC0D, 0xFC0E, 0xFC0F, 0xFC10,
        0xFC11, 0xFC12, 0xFC13, 0xFC14, 0xFC15, 0xFC16, 0xFC17, 0xFC18, 0xFC19, 0xFC1A, 0xFC1B, 0xFC1C,
        0xFC1D, 0xFC1E, 0xFC1F, 0xFC20, 0xFC21, 0xFC22, 0xFC23, 0xFC24, 0xFC25, 0xFC26, 0xFC27, 0xFC28,
        0xFC29, 0xFC2A, 0xFC2B, 0xFC2C, 0xFC2D, 0xFC2E, 0xFC2F, 0xFC30, 0xFC31, 0xFC32, 0xFC33, 0xFC34,
        0xFC35, 0xFC36, 0xFC37, 0xFC38, 0xFC39, 0xFC3A, 0xFC3B, 0xFC3C, 0xFC3D, 0xFC3E, 0xFC3F, 0xFC40,
        0xFC41, 0xFC42, 0xFC43, 0xFC44, 0xFC45, 0xFC46, 0xFC47, 0xFC48, 0xFC49, 0xFC4A, 0xFC4B, 0xFC4C,
        0xFC4D, 0xFC4E, 0xFC4F, 0xFC50, 0xFC51, 0xFC52, 0xFC53, 0xFC54, 0xFC55, 0xFC56, 0xFC57, 0xFC58,
        0xFC59, 0xFC5A, 0xFC5B, 0xFC5C, 0xFC5D, 0xFC5E, 0xFC5F, 0xFC60, 0xFC61, 0xFC62, 0xFC63, 0xFC64,
        0xFC65, 0xFC66, 0xFC67, 0xFC68, 0xFC69, 0xFC6A, 0xFC6B, 0xFC6C, 0xFC6D, 0xFC6E, 0xFC6F, 0xFC70,
        0xFC71, 0xFC72, 0xFC73, 0xFC74, 0xFC75, 0xFC76, 0xFC77, 0xFC78, 0xFC79, 0xFC7A, 0xFC7B, 0xFC7C,
        0xFC7D, 0xFC7E, 0xFC7F, 0xFC80, 0xFC81, 0xFC82, 0xFC83, 0xFC84, 0xFC85, 0xFC86, 0xFC87, 0xFC88,
        0xFC89, 0xFC8A, 0xFC8B, 0xFC8C, 0xFC8D, 0xFC8E, 0xFC8F, 0xFC90, 0xFC91, 0xFC92, 0xFC93, 0xFC94,
        0xFC95, 0xFC96, 0xFC97, 0xFC98, 0xFC99, 0xFC9A, 0xFC9B, 0xFC9C, 0xFC9D, 0xFC9E, 0xFC9F, 0xFCA0,
        0xFCA1, 0xFCA2, 0xFCA3, 0xFCA4, 0xFCA5, 0xFCA6, 0xFCA7, 0xFCA8, 0xFCA9, 0xFCAA, 0xFCAB, 0xFCAC,
        0xFCAD, 0xFCAE, 0xFCAF, 0xFCB0, 0xFCB1, 0xFCB2, 0xFCB3, 0xFCB4, 0xFCB5, 0xFCB6, 0xFCB7, 0xFCB8,
        0xFCB9, 0xFCBA, 0xFCBB, 0xFCBC, 0xFCBD, 0xFCBE, 0xFCBF, 0xFCC0, 0xFCC1, 0xFCC2, 0xFCC3, 0xFCC4,
        0xFCC5, 0xFCC6, 0xFCC7, 0xFCC8, 0xFCC9, 0xFCCA, 0xFCCB, 0xFCCC, 0xFCCD, 0xFCCE, 0xFCCF, 0xFCD0,
        0xFCD1, 0xFCD2, 0xFCD3, 0xFCD4, 0xFCD5, 0xFCD6, 0xFCD7, 0xFCD8, 0xFCD9, 0xFCDA, 0xFCDB, 0xFCDC,
        0xFCDD, 0xFCDE, 0xFCDF, 0xFCE0, 0xFCE1, 0xFCE2, 0xFCE3, 0xFCE4, 0xFCE5, 0xFCE6, 0xFCE7, 0xFCE8,
        0xFCE9, 0xFCEA, 0xFCEB, 0xFCEC, 0xFCED, 0xFCEE, 0xFCEF, 0xFCF0, 0xFCF1, 0xFCF2, 0xFCF3, 0xFCF4,
        0xFCF5, 0xFCF6, 0xFCF7, 0xFCF8, 0xFCF9, 0xFCFA, 0xFCFB, 0xFCFC, 0xFCFD, 0xFCFE, 0xFCFF, 0xFD00,
        0xFD01, 0xFD02, 0xFD03, 0xFD04, 0xFD05, 0xFD06, 0xFD07, 0xFD08, 0xFD09, 0xFD0A, 0xFD0B, 0xFD0C,
        0xFD0D, 0xFD0E, 0xFD0F, 0xFD10, 0xFD11, 0xFD12, 0xFD13, 0xFD14, 0xFD15, 0xFD16, 0xFD17, 0xFD18,
        0xFD19, 0xFD1A, 0xFD1B, 0xFD1C, 0xFD1D, 0xFD1E, 0xFD1F, 0xFD20, 0xFD21, 0xFD22, 0xFD23, 0xFD24,
        0xFD25, 0xFD26, 0xFD27, 0xFD28, 0xFD29, 0xFD2A, 0xFD2B, 0xFD2C, 0xFD2D, 0xFD2E, 0xFD2F, 0xFD30,
        0xFD31, 0xFD32, 0xFD33, 0xFD34, 0xFD35, 0xFD36, 0xFD37, 0xFD38, 0xFD39, 0xFD3A, 0xFD3B, 0xFD3C,
        0xFD3E, 0xFD50, 0xFD51, 0xFD53, 0xFD54, 0xFD55, 0xFD56, 0xFD57, 0xFD58, 0xFD5A, 0xFD5B, 0xFD5C,
        0xFD5D, 0xFD5E, 0xFD5F, 0xFD61, 0xFD62, 0xFD64, 0xFD66, 0xFD67, 0xFD69, 0xFD6A, 0xFD6C, 0xFD6E,
        0xFD6F, 0xFD71, 0xFD73, 0xFD74, 0xFD75, 0xFD76, 0xFD78, 0xFD79, 0xFD7A, 0xFD7B, 0xFD7C, 0xFD7E,
        0xFD7F, 0xFD80, 0xFD81, 0xFD82, 0xFD83, 0xFD85, 0xFD87, 0xFD89, 0xFD8A, 0xFD8B, 0xFD8C, 0xFD8D,
        0xFD8E, 0xFD8F, 0xFD90, 0xFD92, 0xFD93, 0xFD94, 0xFD95, 0xFD96, 0xFD97, 0xFD99, 0xFD9A, 0xFD9B,
        0xFD9C, 0xFD9E, 0xFD9F, 0xFDA0, 0xFDA1, 0xFDA2, 0xFDA3, 0xFDA4, 0xFDA5, 0xFDA6, 0xFDA7, 0xFDA8,
        0xFDA9, 0xFDAA, 0xFDAB, 0xFDAC, 0xFDAD, 0xFDAE, 0xFDAF, 0xFDB0, 0xFDB1, 0xFDB2, 0xFDB3, 0xFDB4,
        0xFDB5, 0xFDB6, 0xFDB7, 0xFDB8, 0xFDB9, 0xFDBA, 0xFDBB, 0xFDBC, 0xFDBD, 0xFDBE, 0xFDBF, 0xFDC0,
        0xFDC1, 0xFDC2, 0xFDC3, 0xFDC4, 0xFDC5, 0xFDC6, 0xFDC7, 0xFDC8, 0xFDD0, 0xFDF0, 0xFDF1, 0xFDF2,
        0xFDF3, 0xFDF4, 0xFDF5, 0xFDF6, 0xFDF7, 0xFDF8, 0xFDF9, 0xFDFA, 0xFDFB, 0xFDFC, 0xFDFD, 0xFE00,
        0xFE10, 0xFE11, 0xFE12, 0xFE13, 0xFE14, 0xFE15, 0xFE16, 0xFE17, 0xFE18, 0xFE19, 0xFE20, 0xFE30,
        0xFE31, 0xFE32, 0xFE33, 0xFE35, 0xFE36, 0xFE37, 0xFE38, 0xFE39, 0xFE3A, 0xFE3B, 0xFE3C, 0xFE3D,
        0xFE3E, 0xFE3F, 0xFE40, 0xFE41, 0xFE42, 0xFE43, 0xFE44, 0xFE45, 0xFE47, 0xFE48, 0xFE49, 0xFE4D,
        0xFE50, 0xFE51, 0xFE52, 0xFE54, 0xFE55, 0xFE56, 0xFE57, 0xFE58, 0xFE59, 0xFE5A, 0xFE5B, 0xFE5C,
        0xFE5D, 0xFE5E, 0xFE5F, 0xFE60, 0xFE61, 0xFE62, 0xFE63, 0xFE64, 0xFE65, 0xFE66, 0xFE67, 0xFE68,
        0xFE69, 0xFE6A, 0xFE6B, 0xFE6C, 0xFE70, 0xFE71, 0xFE72, 0xFE73, 0xFE74, 0xFE75, 0xFE76, 0xFE77,
        0xFE78, 0xFE79, 0xFE7A, 0xFE7B, 0xFE7C, 0xFE7D, 0xFE7E, 0xFE7F, 0xFE80, 0xFE81, 0xFE83, 0xFE85,
        0xFE87, 0xFE89, 0xFE8D, 0xFE8F, 0xFE93, 0xFE95, 0xFE99, 0xFE9D, 0xFEA1, 0xFEA5, 0xFEA9, 0xFEAB,
        0xFEAD, 0xFEAF, 0xFEB1, 0xFEB5, 0xFEB9, 0xFEBD, 0xFEC1, 0xFEC5, 0xFEC9, 0xFECD, 0xFED1, 0xFED5,
        0xFED9, 0xFEDD, 0xFEE1, 0xFEE5, 0xFEE9, 0xFEED, 0xFEEF, 0xFEF1, 0xFEF5, 0xFEF7, 0xFEF9, 0xFEFB,
        0xFEFD, 0xFEFF, 0xFF00, 0xFF01, 0xFF02, 0xFF03, 0xFF04, 0xFF05, 0xFF06, 0xFF07, 0xFF08, 0xFF09,
        0xFF0A, 0xFF0B, 0xFF0C, 0xFF0D, 0xFF0E, 0xFF0F, 0xFF10, 0xFF11, 0xFF12, 0xFF13, 0xFF14, 0xFF15,
        0xFF16, 0xFF17, 0xFF18, 0xFF19, 0xFF1A, 0xFF1B, 0xFF1C, 0xFF1D, 0xFF1E, 0xFF1F, 0xFF20, 0xFF21,
        0xFF22, 0xFF23, 0xFF24, 0xFF25, 0xFF26, 0xFF27, 0xFF28, 0xFF29, 0xFF2A, 0xFF2B, 0xFF2C, 0xFF2D,
        0xFF2E, 0xFF2F, 0xFF30, 0xFF31, 0xFF32, 0xFF33, 0xFF34, 0xFF35, 0xFF36, 0xFF37, 0xFF38, 0xFF39,
        0xFF3A, 0xFF3B, 0xFF3C, 0xFF3D, 0xFF3E, 0xFF3F, 0xFF40, 0xFF41, 0xFF42, 0xFF43, 0xFF44, 0xFF45,
        0xFF46, 0xFF47, 0xFF48, 0xFF49, 0xFF4A, 0xFF4B, 0xFF4C, 0xFF4D, 0xFF4E, 0xFF4F, 0xFF50, 0xFF51,
        0xFF52, 0xFF53, 0xFF54, 0xFF55, 0xFF56, 0xFF57, 0xFF58, 0xFF59, 0xFF5A, 0xFF5B, 0xFF5C, 0xFF5D,
        0xFF5E, 0xFF5F, 0xFF60, 0xFF61, 0xFF62, 0xFF63, 0xFF64, 0xFF65, 0xFF66, 0xFF67, 0xFF68, 0xFF69,
        0xFF6A, 0xFF6B, 0xFF6C, 0xFF6D, 0xFF6E, 0xFF6F, 0xFF70, 0xFF71, 0xFF72, 0xFF73, 0xFF74, 0xFF75,
        0xFF76, 0xFF77, 0xFF78, 0xFF79, 0xFF7A, 0xFF7B, 0xFF7C, 0xFF7D, 0xFF7E, 0xFF7F, 0xFF80, 0xFF81,
        0xFF82, 0xFF83, 0xFF84, 0xFF85, 0xFF86, 0xFF87, 0xFF88, 0xFF89, 0xFF8A, 0xFF8B, 0xFF8C, 0xFF8D,
        0xFF8E, 0xFF8F, 0xFF90, 0xFF91, 0xFF92, 0xFF93, 0xFF94, 0xFF95, 0xFF96, 0xFF97, 0xFF98, 0xFF99,
        0xFF9A, 0xFF9B, 0xFF9C, 0xFF9D, 0xFF9E, 0xFF9F, 0xFFA0, 0xFFA1, 0xFFA2, 0xFFA3, 0xFFA4, 0xFFA5,
        0xFFA6, 0xFFA7, 0xFFA8, 0xFFA9, 0xFFAA, 0xFFAB, 0xFFAC, 0xFFAD, 0xFFAE, 0xFFAF, 0xFFB0, 0xFFB1,
        0xFFB2, 0xFFB3, 0xFFB4, 0xFFB5, 0xFFB6, 0xFFB7, 0xFFB8, 0xFFB9, 0xFFBA, 0xFFBB, 0xFFBC, 0xFFBD,
        0xFFBE, 0xFFBF, 0xFFC2, 0xFFC3, 0xFFC4, 0xFFC5, 0xFFC6, 0xFFC7, 0xFFC8, 0xFFCA, 0xFFCB, 0xFFCC,
        0xFFCD, 0xFFCE, 0xFFCF, 0xFFD0, 0xFFD2, 0xFFD3, 0xFFD4, 0xFFD5, 0xFFD6, 0xFFD7, 0xFFD8, 0xFFDA,
        0xFFDB, 0xFFDC, 0xFFDD, 0xFFE0, 0xFFE1, 0xFFE2, 0xFFE3, 0xFFE4, 0xFFE5, 0xFFE6, 0xFFE7, 0xFFE8,
        0xFFE9, 0xFFEA, 0xFFEB, 0xFFEC, 0xFFED, 0xFFEE, 0xFFEF, 0x10000, 0x1000C, 0x1000D, 0x10027, 0x10028,
        0x1003B, 0x1003C, 0x1003E, 0x1003F, 0x1004E, 0x10050, 0x1005E, 0x10080, 0x100FB, 0x10100, 0x10103, 0x10107,
        0x10134, 0x10137, 0x1018F, 0x10190, 0x1019D, 0x101A0, 0x101A1, 0x101D0, 0x101FE, 0x10280, 0x1029D, 0x102A0,
        0x102D1, 0x102E0, 0x102FC, 0x10300, 0x10324, 0x1032D, 0x1034B, 0x10350, 0x1037B, 0x10380, 0x1039E, 0x1039F,
        0x103C4, 0x103C8, 0x103D6, 0x10400, 0x10401, 0x10402, 0x10403, 0x10404, 0x10405, 0x10406, 0x10407, 0x10408,
        0x10409, 0x1040A, 0x1040B, 0x1040C, 0x1040D, 0x1040E, 0x1040F, 0x10410, 0x10411, 0x10412, 0x10413, 0x10414,
        0x10415, 0x10416, 0x10417, 0x10418, 0x10419, 0x1041A, 0x1041B, 0x1041C, 0x1041D, 0x1041E, 0x1041F, 0x10420,
        0x10421, 0x10422, 0x10423, 0x10424, 0x10425, 0x10426, 0x10427, 0x10428, 0x1049E, 0x104A0, 0x104AA, 0x104B0,
        0x104B1, 0x104B2, 0x104B3, 0x104B4, 0x104B5, 0x104B6, 0x104B7, 0x104B8, 0x104B9, 0x104BA, 0x104BB, 0x104BC,
        0x104BD, 0x104BE, 0x104BF, 0x104C0, 0x104C1, 0x104C2, 0x104C3, 0x104C4, 0x104C5, 0x104C6, 0x104C7, 0x104C8,
        0x104C9, 0x104CA, 0x104CB, 0x104CC, 0x104CD, 0x104CE, 0x104CF, 0x104D0, 0x104D1, 0x104D2, 0x104D3, 0x104D4,
        0x104D8, 0x104FC, 0x10500, 0x10528, 0x10530, 0x10564, 0x1056F, 0x10570, 0x10571, 0x10572, 0x10573, 0x10574,
        0x10575, 0x10576, 0x10577, 0x10578, 0x10579, 0x1057A, 0x1057B, 0x1057C, 0x1057D, 0x1057E, 0x1057F, 0x10580,
        0x10581, 0x10582, 0x10583, 0x10584, 0x10585, 0x10586, 0x10587, 0x10588, 0x10589, 0x1058A, 0x1058B, 0x1058C,
        0x1058D, 0x1058E, 0x1058F, 0x10590, 0x10591, 0x10592, 0x10593, 0x10594, 0x10595, 0x10596, 0x10597, 0x105A2,
        0x105A3, 0x105B2, 0x105B3, 0x105BA, 0x105BB, 0x105BD, 0x105C0, 0x105F4, 0x10600, 0x10737, 0x10740, 0x10756,
        0x10760, 0x10768, 0x10780, 0x10781, 0x10782, 0x10783, 0x10784, 0x10785, 0x10786, 0x10787, 0x10788, 0x10789,
        0x1078A, 0x1078B, 0x1078C, 0x1078D, 0x1078E, 0x1078F, 0x10790, 0x10791, 0x10792, 0x10793, 0x10794, 0x10795,
        0x10796, 0x10797, 0x10798, 0x10799, 0x1079A, 0x1079B, 0x1079C, 0x1079D, 0x1079E, 0x1079F, 0x107A0, 0x107A1,
        0x107A2, 0x107A3, 0x107A4, 0x107A5, 0x107A6, 0x107A7, 0x107A8, 0x107A9, 0x107AA, 0x107AB, 0x107AC, 0x107AD,
        0x107AE, 0x107AF, 0x107B0, 0x107B1, 0x107B2, 0x107B3, 0x107B4, 0x107B5, 0x107B6, 0x107B7, 0x107B8, 0x107B9,
        0x107BA, 0x107BB, 0x10800, 0x10806, 0x10808, 0x10809, 0x1080A, 0x10836, 0x10837, 0x10839, 0x1083C, 0x1083D,
        0x1083F, 0x10856, 0x10857, 0x1089F, 0x108A7, 0x108B0, 0x108E0, 0x108F3, 0x108F4, 0x108F6, 0x108FB, 0x1091C,
        0x1091F, 0x1093A, 0x1093F, 0x1095A, 0x10980, 0x109B8, 0x109BC, 0x109D0, 0x109D2, 0x10A04, 0x10A05, 0x10A07,
        0x10A0C, 0x10A14, 0x10A15, 0x10A18, 0x10A19, 0x10A36, 0x10A38, 0x10A3B, 0x10A3F, 0x10A49, 0x10A50, 0x10A59,
        0x10A60, 0x10AA0, 0x10AC0, 0x10AE7, 0x10AEB, 0x10AF7, 0x10B00, 0x10B36, 0x10B39, 0x10B56, 0x10B58, 0x10B73,
        0x10B78, 0x10B92, 0x10B99, 0x10B9D, 0x10BA9, 0x10BB0, 0x10C00, 0x10C49, 0x10C80, 0x10C81, 0x10C82, 0x10C83,
        0x10C84, 0x10C85, 0x10C86, 0x10C87, 0x10C88, 0x10C89, 0x10C8A, 0x10C8B, 0x10C8C, 0x10C8D, 0x10C8E, 0x10C8F,
        0x10C90, 0x10C91, 0x10C92, 0x10C93, 0x10C94, 0x10C95, 0x10C96, 0x10C97, 0x10C98, 0x10C99, 0x10C9A, 0x10C9B,
        0x10C9C, 0x10C9D, 0x10C9E, 0x10C9F, 0x10CA0, 0x10CA1, 0x10CA2, 0x10CA3, 0x10CA4, 0x10CA5, 0x10CA6, 0x10CA7,
        0x10CA8, 0x10CA9, 0x10CAA, 0x10CAB, 0x10CAC, 0x10CAD, 0x10CAE, 0x10CAF, 0x10CB0, 0x10CB1, 0x10CB2, 0x10CB3,
        0x10CC0, 0x10CF3, 0x10CFA, 0x10D28, 0x10D30, 0x10D3A, 0x10D40, 0x10D50, 0x10D51, 0x10D52, 0x10D53, 0x10D54,
        0x10D55, 0x10D56, 0x10D57, 0x10D58, 0x10D59, 0x10D5A, 0x10D5B, 0x10D5C, 0x10D5D, 0x10D5E, 0x10D5F, 0x10D60,
        0x10D61, 0x10D62, 0x10D63, 0x10D64, 0x10D65, 0x10D66, 0x10D69, 0x10D86, 0x10D8E, 0x10D90, 0x10E60, 0x10E7F,
        0x10E80, 0x10EAA, 0x10EAB, 0x10EAE, 0x10EB0, 0x10EB2, 0x10EC2, 0x10EC8, 0x10ED0, 0x10ED9, 0x10EFA, 0x10F28,
        0x10F30, 0x10F5A, 0x10F70, 0x10F8A, 0x10FB0, 0x10FCC, 0x10FE0, 0x10FF7, 0x11000, 0x1104E, 0x11052, 0x11076,
        0x1107F, 0x110BD, 0x110BE, 0x110C3, 0x110D0, 0x110E9, 0x110F0, 0x110FA, 0x11100, 0x11135, 0x11136, 0x11148,
        0x11150, 0x11177, 0x11180, 0x111E0, 0x111E1, 0x111F5, 0x11200, 0x11212, 0x11213, 0x11242, 0x11280, 0x11287,
        0x11288, 0x11289, 0x1128A, 0x1128E, 0x1128F, 0x1129E, 0x1129F, 0x112AA, 0x112B0, 0x112EB, 0x112F0, 0x112FA,
        0x11300, 0x11304, 0x11305, 0x1130D, 0x1130F, 0x11311, 0x11313, 0x11329, 0x1132A, 0x11331, 0x11332, 0x11334,
        0x11335, 0x1133A, 0x1133B, 0x11345, 0x11347, 0x11349, 0x1134B, 0x1134E, 0x11350, 0x11351, 0x11357, 0x11358,
        0x1135D, 0x11364, 0x11366, 0x1136D, 0x11370, 0x11375, 0x11380, 0x1138A, 0x1138B, 0x1138C, 0x1138E, 0x1138F,
        0x11390, 0x113B6, 0x113B7, 0x113C1, 0x113C2, 0x113C3, 0x113C5, 0x113C6, 0x113C7, 0x113CB, 0x113CC, 0x113D6,
        0x113D7, 0x113D9, 0x113E1, 0x113E3, 0x11400, 0x1145C, 0x1145D, 0x11462, 0x11480, 0x114C8, 0x114D0, 0x114DA,
        0x11580, 0x115B6, 0x115B8, 0x115DE, 0x11600, 0x11645, 0x11650, 0x1165A, 0x11660, 0x1166D, 0x11680, 0x116BA,
        0x116C0, 0x116CA, 0x116D0, 0x116E4, 0x11700, 0x1171B, 0x1171D, 0x1172C, 0x11730, 0x11747, 0x11800, 0x1183C,
        0x118A0, 0x118A1, 0x118A2, 0x118A3, 0x118A4, 0x118A5, 0x118A6, 0x118A7, 0x118A8, 0x118A9, 0x118AA, 0x118AB,
        0x118AC, 0x118AD, 0x118AE, 0x118AF, 0x118B0, 0x118B1, 0x118B2, 0x118B3, 0x118B4, 0x118B5, 0x118B6, 0x118B7,
        0x118B8, 0x118B9, 0x118BA, 0x118BB, 0x118BC, 0x118BD, 0x118BE, 0x118BF, 0x118C0, 0x118F3, 0x118FF, 0x11907,
        0x11909, 0x1190A, 0x1190C, 0x11914, 0x11915, 0x11917, 0x11918, 0x11936, 0x11937, 0x11939, 0x1193B, 0x11947,
        0x11950, 0x1195A, 0x119A0, 0x119A8, 0x119AA, 0x119D8, 0x119DA, 0x119E5, 0x11A00, 0x11A48, 0x11A50, 0x11AA3,
        0x11AB0, 0x11AF9, 0x11B00, 0x11B0A, 0x11B60, 0x11B68, 0x11BC0, 0x11BE2, 0x11BF0, 0x11BFA, 0x11C00, 0x11C09,
        0x11C0A, 0x11C37, 0x11C38, 0x11C46, 0x11C50, 0x11C6D, 0x11C70, 0x11C90, 0x11C92, 0x11CA8, 0x11CA9, 0x11CB7,
        0x11D00, 0x11D07, 0x11D08, 0x11D0A, 0x11D0B, 0x11D37, 0x11D3A, 0x11D3B, 0x11D3C, 0x11D3E, 0x11D3F, 0x11D48,
        0x11D50, 0x11D5A, 0x11D60, 0x11D66, 0x11D67, 0x11D69, 0x11D6A, 0x11D8F, 0x11D90, 0x11D92, 0x11D93, 0x11D99,
        0x11DA0, 0x11DAA, 0x11DB0, 0x11DDC, 0x11DE0, 0x11DEA, 0x11EE0, 0x11EF9, 0x11F00, 0x11F11, 0x11F12, 0x11F3B,
        0x11F3E, 0x11F5B, 0x11FB0, 0x11FB1, 0x11FC0, 0x11FF2, 0x11FFF, 0x1239A, 0x12400, 0x1246F, 0x12470, 0x12475,
        0x12480, 0x12544, 0x12F90, 0x12FF3, 0x13000, 0x13430, 0x13440, 0x13456, 0x13460, 0x143FB, 0x14400, 0x14647,
        0x16100, 0x1613A, 0x16800, 0x16A39, 0x16A40, 0x16A5F, 0x16A60, 0x16A6A, 0x16A6E, 0x16ABF, 0x16AC0, 0x16ACA,
        0x16AD0, 0x16AEE, 0x16AF0, 0x16AF6, 0x16B00, 0x16B46, 0x16B50, 0x16B5A, 0x16B5B, 0x16B62, 0x16B63, 0x16B78,
        0x16B7D, 0x16B90, 0x16D40, 0x16D7A, 0x16E40, 0x16E41, 0x16E42, 0x16E43, 0x16E44, 0x16E45, 0x16E46, 0x16E47,
        0x16E48, 0x16E49, 0x16E4A, 0x16E4B, 0x16E4C, 0x16E4D, 0x16E4E, 0x16E4F, 0x16E50, 0x16E51, 0x16E52, 0x16E53,
        0x16E54, 0x16E55, 0x16E56, 0x16E57, 0x16E58, 0x16E59, 0x16E5A, 0x16E5B, 0x16E5C, 0x16E5D, 0x16E5E, 0x16E5F,
        0x16E60, 0x16E9B, 0x16EA0, 0x16EA1, 0x16EA2, 0x16EA3, 0x16EA4, 0x16EA5, 0x16EA6, 0x16EA7, 0x16EA8, 0x16EA9,
        0x16EAA, 0x16EAB, 0x16EAC, 0x16EAD, 0x16EAE, 0x16EAF, 0x16EB0, 0x16EB1, 0x16EB2, 0x16EB3, 0x16EB4, 0x16EB5,
        0x16EB6, 0x16EB7, 0x16EB8, 0x16EB9, 0x16EBB, 0x16ED4, 0x16F00, 0x16F4B, 0x16F4F, 0x16F88, 0x16F8F, 0x16FA0,
        0x16FE0, 0x16FE5, 0x16FF0, 0x16FF7, 0x17000, 0x18CD6, 0x18CFF, 0x18D1F, 0x18D80, 0x18DF3, 0x1AFF0, 0x1AFF4,
        0x1AFF5, 0x1AFFC, 0x1AFFD, 0x1AFFF, 0x1B000, 0x1B123, 0x1B132, 0x1B133, 0x1B150, 0x1B153, 0x1B155, 0x1B156,
        0x1B164, 0x1B168, 0x1B170, 0x1B2FC, 0x1BC00, 0x1BC6B, 0x1BC70, 0x1BC7D, 0x1BC80, 0x1BC89, 0x1BC90, 0x1BC9A,
        0x1BC9C, 0x1BCA0, 0x1BCA4, 0x1CC00, 0x1CCD6, 0x1CCD7, 0x1CCD8, 0x1CCD9, 0x1CCDA, 0x1CCDB, 0x1CCDC, 0x1CCDD,
        0x1CCDE, 0x1CCDF, 0x1CCE0, 0x1CCE1, 0x1CCE2, 0x1CCE3, 0x1CCE4, 0x1CCE5, 0x1CCE6, 0x1CCE7, 0x1CCE8, 0x1CCE9,
        0x1CCEA, 0x1CCEB, 0x1CCEC, 0x1CCED, 0x1CCEE, 0x1CCEF, 0x1CCF0, 0x1CCF1, 0x1CCF2, 0x1CCF3, 0x1CCF4, 0x1CCF5,
        0x1CCF6, 0x1CCF7, 0x1CCF8, 0x1CCF9, 0x1CCFA, 0x1CCFD, 0x1CD00, 0x1CEB4, 0x1CEBA, 0x1CED1, 0x1CEE0, 0x1CEF1,
        0x1CF00, 0x1CF2E, 0x1CF30, 0x1CF47, 0x1CF50, 0x1CFC4, 0x1D000, 0x1D0F6, 0x1D100, 0x1D127, 0x1D129, 0x1D15E,
        0x1D15F, 0x1D160, 0x1D161, 0x1D162, 0x1D163, 0x1D164, 0x1D165, 0x1D173, 0x1D17B, 0x1D1BB, 0x1D1BC, 0x1D1BD,
        0x1D1BE, 0x1D1BF, 0x1D1C0, 0x1D1C1, 0x1D1EB, 0x1D200, 0x1D246, 0x1D2C0, 0x1D2D4, 0x1D2E0, 0x1D2F4, 0x1D300,
        0x1D357, 0x1D360, 0x1D379, 0x1D400, 0x1D401, 0x1D402, 0x1D403, 0x1D404, 0x1D405, 0x1D406, 0x1D407, 0x1D408,
        0x1D409, 0x1D40A, 0x1D40B, 0x1D40C, 0x1D40D, 0x1D40E, 0x1D40F, 0x1D410, 0x1D411, 0x1D412, 0x1D413, 0x1D414,
        0x1D415, 0x1D416, 0x1D417, 0x1D418, 0x1D419, 0x1D41A, 0x1D41B, 0x1D41C, 0x1D41D, 0x1D41E, 0x1D41F, 0x1D420,
        0x1D421, 0x1D422, 0x1D423, 0x1D424, 0x1D425, 0x1D426, 0x1D427, 0x1D428, 0x1D429, 0x1D42A, 0x1D42B, 0x1D42C,
        0x1D42D, 0x1D42E, 0x1D42F, 0x1D430, 0x1D431, 0x1D432, 0x1D433, 0x1D434, 0x1D435, 0x1D436, 0x1D437, 0x1D438,
        0x1D439, 0x1D43A, 0x1D43B, 0x1D43C, 0x1D43D, 0x1D43E, 0x1D43F, 0x1D440, 0x1D441, 0x1D442, 0x1D443, 0x1D444,
        0x1D445, 0x1D446, 0x1D447, 0x1D448, 0x1D449, 0x1D44A, 0x1D44B, 0x1D44C, 0x1D44D, 0x1D44E, 0x1D44F, 0x1D450,
        0x1D451, 0x1D452, 0x1D453, 0x1D454, 0x1D455, 0x1D456, 0x1D457, 0x1D458, 0x1D459, 0x1D45A, 0x1D45B, 0x1D45C,
        0x1D45D, 0x1D45E, 0x1D45F, 0x1D460, 0x1D461, 0x1D462, 0x1D463, 0x1D464, 0x1D465, 0x1D466, 0x1D467, 0x1D468,
        0x1D469, 0x1D46A, 0x1D46B, 0x1D46C, 0x1D46D, 0x1D46E, 0x1D46F, 0x1D470, 0x1D471, 0x1D472, 0x1D473, 0x1D474,
        0x1D475, 0x1D476, 0x1D477, 0x1D478, 0x1D479, 0x1D47A, 0x1D47B, 0x1D47C, 0x1D47D, 0x1D47E, 0x1D47F, 0x1D480,
        0x1D481, 0x1D482, 0x1D483, 0x1D484, 0x1D485, 0x1D486, 0x1D487, 0x1D488, 0x1D489, 0x1D48A, 0x1D48B, 0x1D48C,
        0x1D48D, 0x1D48E, 0x1D48F, 0x1D490, 0x1D491, 0x1D492, 0x1D493, 0x1D494, 0x1D495, 0x1D496, 0x1D497, 0x1D498,
        0x1D499, 0x1D49A, 0x1D49B, 0x1D49C, 0x1D49D, 0x1D49E, 0x1D49F, 0x1D4A0, 0x1D4A2, 0x1D4A3, 0x1D4A5, 0x1D4A6,
        0x1D4A7, 0x1D4A9, 0x1D4AA, 0x1D4AB, 0x1D4AC, 0x1D4AD, 0x1D4AE, 0x1D4AF, 0x1D4B0, 0x1D4B1, 0x1D4B2, 0x1D4B3,
        0x1D4B4, 0x1D4B5, 0x1D4B6, 0x1D4B7, 0x1D4B8, 0x1D4B9, 0x1D4BA, 0x1D4BB, 0x1D4BC, 0x1D4BD, 0x1D4BE, 0x1D4BF,
        0x1D4C0, 0x1D4C1, 0x1D4C2, 0x1D4C3, 0x1D4C4, 0x1D4C5, 0x1D4C6, 0x1D4C7, 0x1D4C8, 0x1D4C9, 0x1D4CA, 0x1D4CB,
        0x1D4CC, 0x1D4CD, 0x1D4CE, 0x1D4CF, 0x1D4D0, 0x1D4D1, 0x1D4D2, 0x1D4D3, 0x1D4D4, 0x1D4D5, 0x1D4D6, 0x1D4D7,
        0x1D4D8, 0x1D4D9, 0x1D4DA, 0x1D4DB, 0x1D4DC, 0x1D4DD, 0x1D4DE, 0x1D4DF, 0x1D4E0, 0x1D4E1, 0x1D4E2, 0x1D4E3,
        0x1D4E4, 0x1D4E5, 0x1D4E6, 0x1D4E7, 0x1D4E8, 0x1D4E9, 0x1D4EA, 0x1D4EB, 0x1D4EC, 0x1D4ED, 0x1D4EE, 0x1D4EF,
        0x1D4F0, 0x1D4F1, 0x1D4F2, 0x1D4F3, 0x1D4F4, 0x1D4F5, 0x1D4F6, 0x1D4F7, 0x1D4F8, 0x1D4F9, 0x1D4FA, 0x1D4FB,
        0x1D4FC, 0x1D4FD, 0x1D4FE, 0x1D4FF, 0x1D500, 0x1D501, 0x1D502, 0x1D503, 0x1D504, 0x1D505, 0x1D506, 0x1D507,
        0x1D508, 0x1D509, 0x1D50A, 0x1D50B, 0x1D50D, 0x1D50E, 0x1D50F, 0x1D510, 0x1D511, 0x1D512, 0x1D513, 0x1D514,
        0x1D515, 0x1D516, 0x1D517, 0x1D518, 0x1D519, 0x1D51A, 0x1D51B, 0x1D51C, 0x1D51D, 0x1D51E, 0x1D51F, 0x1D520,
        0x1D521, 0x1D522, 0x1D523, 0x1D524, 0x1D525, 0x1D526, 0x1D527, 0x1D528, 0x1D529, 0x1D52A, 0x1D52B, 0x1D52C,
        0x1D52D, 0x1D52E, 0x1D52F, 0x1D530, 0x1D531, 0x1D532, 0x1D533, 0x1D534, 0x1D535, 0x1D536, 0x1D537, 0x1D538,
        0x1D539, 0x1D53A, 0x1D53B, 0x1D53C, 0x1D53D, 0x1D53E, 0x1D53F, 0x1D540, 0x1D541, 0x1D542, 0x1D543, 0x1D544,
        0x1D545, 0x1D546, 0x1D547, 0x1D54A, 0x1D54B, 0x1D54C, 0x1D54D, 0x1D54E, 0x1D54F, 0x1D550, 0x1D551, 0x1D552,
        0x1D553, 0x1D554, 0x1D555, 0x1D556, 0x1D557, 0x1D558, 0x1D559, 0x1D55A, 0x1D55B, 0x1D55C, 0x1D55D, 0x1D55E,
        0x1D55F, 0x1D560, 0x1D561, 0x1D562, 0x1D563, 0x1D564, 0x1D565, 0x1D566, 0x1D567, 0x1D568, 0x1D569, 0x1D56A,
        0x1D56B, 0x1D56C, 0x1D56D, 0x1D56E, 0x1D56F, 0x1D570, 0x1D571, 0x1D572, 0x1D573, 0x1D574, 0x1D575, 0x1D576,
        0x1D577, 0x1D578, 0x1D579, 0x1D57A, 0x1D57B, 0x1D57C, 0x1D57D, 0x1D57E, 0x1D57F, 0x1D580, 0x1D581, 0x1D582,
        0x1D583, 0x1D584, 0x1D585, 0x1D586, 0x1D587, 0x1D588, 0x1D589, 0x1D58A, 0x1D58B, 0x1D58C, 0x1D58D, 0x1D58E,
        0x1D58F, 0x1D590, 0x1D591, 0x1D592, 0x1D593, 0x1D594, 0x1D595, 0x1D596, 0x1D597, 0x1D598, 0x1D599, 0x1D59A,
        0x1D59B, 0x1D59C, 0x1D59D, 0x1D59E, 0x1D59F, 0x1D5A0, 0x1D5A1, 0x1D5A2, 0x1D5A3, 0x1D5A4, 0x1D5A5, 0x1D5A6,
        0x1D5A7, 0x1D5A8, 0x1D5A9, 0x1D5AA, 0x1D5AB, 0x1D5AC, 0x1D5AD, 0x1D5AE, 0x1D5AF, 0x1D5B0, 0x1D5B1, 0x1D5B2,
        0x1D5B3, 0x1D5B4, 0x1D5B5, 0x1D5B6, 0x1D5B7, 0x1D5B8, 0x1D5B9, 0x1D5BA, 0x1D5BB, 0x1D5BC, 0x1D5BD, 0x1D5BE,
        0x1D5BF, 0x1D5C0, 0x1D5C1, 0x1D5C2, 0x1D5C3, 0x1D5C4, 0x1D5C5, 0x1D5C6, 0x1D5C7, 0x1D5C8, 0x1D5C9, 0x1D5CA,
        0x1D5CB, 0x1D5CC, 0x1D5CD, 0x1D5CE, 0x1D5CF, 0x1D5D0, 0x1D5D1, 0x1D5D2, 0x1D5D3, 0x1D5D4, 0x1D5D5, 0x1D5D6,
        0x1D5D7, 0x1D5D8, 0x1D5D9, 0x1D5DA, 0x1D5DB, 0x1D5DC, 0x1D5DD, 0x1D5DE, 0x1D5DF, 0x1D5E0, 0x1D5E1, 0x1D5E2,
        0x1D5E3, 0x1D5E4, 0x1D5E5, 0x1D5E6, 0x1D5E7, 0x1D5E8, 0x1D5E9, 0x1D5EA, 0x1D5EB, 0x1D5EC, 0x1D5ED, 0x1D5EE,
        0x1D5EF, 0x1D5F0, 0x1D5F1, 0x1D5F2, 0x1D5F3, 0x1D5F4, 0x1D5F5, 0x1D5F6, 0x1D5F7, 0x1D5F8, 0x1D5F9, 0x1D5FA,
        0x1D5FB, 0x1D5FC, 0x1D5FD, 0x1D5FE, 0x1D5FF, 0x1D600, 0x1D601, 0x1D602, 0x1D603, 0x1D604, 0x1D605, 0x1D606,
        0x1D607, 0x1D608, 0x1D609, 0x1D60A, 0x1D60B, 0x1D60C, 0x1D60D, 0x1D60E, 0x1D60F, 0x1D610, 0x1D611, 0x1D612,
        0x1D613, 0x1D614, 0x1D615, 0x1D616, 0x1D617, 0x1D618, 0x1D619, 0x1D61A, 0x1D61B, 0x1D61C, 0x1D61D, 0x1D61E,
        0x1D61F, 0x1D620, 0x1D621, 0x1D622, 0x1D623, 0x1D624, 0x1D625, 0x1D626, 0x1D627, 0x1D628, 0x1D629, 0x1D62A,
        0x1D62B, 0x1D62C, 0x1D62D, 0x1D62E, 0x1D62F, 0x1D630, 0x1D631, 0x1D632, 0x1D633, 0x1D634, 0x1D635, 0x1D636,
        0x1D637, 0x1D638, 0x1D639, 0x1D63A, 0x1D63B, 0x1D63C, 0x1D63D, 0x1D63E, 0x1D63F, 0x1D640, 0x1D641, 0x1D642,
        0x1D643, 0x1D644, 0x1D645, 0x1D646, 0x1D647, 0x1D648, 0x1D649, 0x1D64A, 0x1D64B, 0x1D64C, 0x1D64D, 0x1D64E,
        0x1D64F, 0x1D650, 0x1D651, 0x1D652, 0x1D653, 0x1D654, 0x1D655, 0x1D656, 0x1D657, 0x1D658, 0x1D659, 0x1D65A,
        0x1D65B, 0x1D65C, 0x1D65D, 0x1D65E, 0x1D65F, 0x1D660, 0x1D661, 0x1D662, 0x1D663, 0x1D664, 0x1D665, 0x1D666,
        0x1D667, 0x1D668, 0x1D669, 0x1D66A, 0x1D66B, 0x1D66C, 0x1D66D, 0x1D66E, 0x1D66F, 0x1D670, 0x1D671, 0x1D672,
        0x1D673, 0x1D674, 0x1D675, 0x1D676, 0x1D677, 0x1D678, 0x1D679, 0x1D67A, 0x1D67B, 0x1D67C, 0x1D67D, 0x1D67E,
        0x1D67F, 0x1D680, 0x1D681, 0x1D682, 0x1D683, 0x1D684, 0x1D685, 0x1D686, 0x1D687, 0x1D688, 0x1D689, 0x1D68A,
        0x1D68B, 0x1D68C, 0x1D68D, 0x1D68E, 0x1D68F, 0x1D690, 0x1D691, 0x1D692, 0x1D693, 0x1D694, 0x1D695, 0x1D696,
        0x1D697, 0x1D698, 0x1D699, 0x1D69A, 0x1D69B, 0x1D69C, 0x1D69D, 0x1D69E, 0x1D69F, 0x1D6A0, 0x1D6A1, 0x1D6A2,
        0x1D6A3, 0x1D6A4, 0x1D6A5, 0x1D6A6, 0x1D6A8, 0x1D6A9, 0x1D6AA, 0x1D6AB, 0x1D6AC, 0x1D6AD, 0x1D6AE, 0x1D6AF,
        0x1D6B0, 0x1D6B1, 0x1D6B2, 0x1D6B3, 0x1D6B4, 0x1D6B5, 0x1D6B6, 0x1D6B7, 0x1D6B8, 0x1D6B9, 0x1D6BA, 0x1D6BB,
        0x1D6BC, 0x1D6BD, 0x1D6BE, 0x1D6BF, 0x1D6C0, 0x1D6C1, 0x1D6C2, 0x1D6C3, 0x1D6C4, 0x1D6C5, 0x1D6C6, 0x1D6C7,
        0x1D6C8, 0x1D6C9, 0x1D6CA, 0x1D6CB, 0x1D6CC, 0x1D6CD, 0x1D6CE, 0x1D6CF, 0x1D6D0, 0x1D6D1, 0x1D6D2, 0x1D6D3,
        0x1D6D5, 0x1D6D6, 0x1D6D7, 0x1D6D8, 0x1D6D9, 0x1D6DA, 0x1D6DB, 0x1D6DC, 0x1D6DD, 0x1D6DE, 0x1D6DF, 0x1D6E0,
        0x1D6E1, 0x1D6E2, 0x1D6E3, 0x1D6E4, 0x1D6E5, 0x1D6E6, 0x1D6E7, 0x1D6E8, 0x1D6E9, 0x1D6EA, 0x1D6EB, 0x1D6EC,
        0x1D6ED, 0x1D6EE, 0x1D6EF, 0x1D6F0, 0x1D6F1, 0x1D6F2, 0x1D6F3, 0x1D6F4, 0x1D6F5, 0x1D6F6, 0x1D6F7, 0x1D6F8,
        0x1D6F9, 0x1D6FA, 0x1D6FB, 0x1D6FC, 0x1D6FD, 0x1D6FE, 0x1D6FF, 0x1D700, 0x1D701, 0x1D702, 0x1D703, 0x1D704,
        0x1D705, 0x1D706, 0x1D707, 0x1D708, 0x1D709, 0x1D70A, 0x1D70B, 0x1D70C, 0x1D70D, 0x1D70F, 0x1D710, 0x1D711,
        0x1D712, 0x1D713, 0x1D714, 0x1D715, 0x1D716, 0x1D717, 0x1D718, 0x1D719, 0x1D71A, 0x1D71B, 0x1D71C, 0x1D71D,
        0x1D71E, 0x1D71F, 0x1D720, 0x1D721, 0x1D722, 0x1D723, 0x1D724, 0x1D725, 0x1D726, 0x1D727, 0x1D728, 0x1D729,
        0x1D72A, 0x1D72B, 0x1D72C, 0x1D72D, 0x1D72E, 0x1D72F, 0x1D730, 0x1D731, 0x1D732, 0x1D733, 0x1D734, 0x1D735,
        0x1D736, 0x1D737, 0x1D738, 0x1D739, 0x1D73A, 0x1D73B, 0x1D73C, 0x1D73D, 0x1D73E, 0x1D73F, 0x1D740, 0x1D741,
        0x1D742, 0x1D743, 0x1D744, 0x1D745, 0x1D746, 0x1D747, 0x1D749, 0x1D74A, 0x1D74B, 0x1D74C, 0x1D74D, 0x1D74E,
        0x1D74F, 0x1D750, 0x1D751, 0x1D752, 0x1D753, 0x1D754, 0x1D755, 0x1D756, 0x1D757, 0x1D758, 0x1D759, 0x1D75A,
        0x1D75B, 0x1D75C, 0x1D75D, 0x1D75E, 0x1D75F, 0x1D760, 0x1D761, 0x1D762, 0x1D763, 0x1D764, 0x1D765, 0x1D766,
        0x1D767, 0x1D768, 0x1D769, 0x1D76A, 0x1D76B, 0x1D76C, 0x1D76D, 0x1D76E, 0x1D76F, 0x1D770, 0x1D771, 0x1D772,
        0x1D773, 0x1D774, 0x1D775, 0x1D776, 0x1D777, 0x1D778, 0x1D779, 0x1D77A, 0x1D77B, 0x1D77C, 0x1D77D, 0x1D77E,
        0x1D77F, 0x1D780, 0x1D781, 0x1D783, 0x1D784, 0x1D785, 0x1D786, 0x1D787, 0x1D788, 0x1D789, 0x1D78A, 0x1D78B,
        0x1D78C, 0x1D78D, 0x1D78E, 0x1D78F, 0x1D790, 0x1D791, 0x1D792, 0x1D793, 0x1D794, 0x1D795, 0x1D796, 0x1D797,
        0x1D798, 0x1D799, 0x1D79A, 0x1D79B, 0x1D79C, 0x1D79D, 0x1D79E, 0x1D79F, 0x1D7A0, 0x1D7A1, 0x1D7A2, 0x1D7A3,
        0x1D7A4, 0x1D7A5, 0x1D7A6, 0x1D7A7, 0x1D7A8, 0x1D7A9, 0x1D7AA, 0x1D7AB, 0x1D7AC, 0x1D7AD, 0x1D7AE, 0x1D7AF,
        0x1D7B0, 0x1D7B1, 0x1D7B2, 0x1D7B3, 0x1D7B4, 0x1D7B5, 0x1D7B6, 0x1D7B7, 0x1D7B8, 0x1D7B9, 0x1D7BA, 0x1D7BB,
        0x1D7BD, 0x1D7BE, 0x1D7BF, 0x1D7C0, 0x1D7C1, 0x1D7C2, 0x1D7C3, 0x1D7C4, 0x1D7C5, 0x1D7C6, 0x1D7C7, 0x1D7C8,
        0x1D7C9, 0x1D7CA, 0x1D7CC, 0x1D7CE, 0x1D7CF, 0x1D7D0, 0x1D7D1, 0x1D7D2, 0x1D7D3, 0x1D7D4, 0x1D7D5, 0x1D7D6,
        0x1D7D7, 0x1D7D8, 0x1D7D9, 0x1D7DA, 0x1D7DB, 0x1D7DC, 0x1D7DD, 0x1D7DE, 0x1D7DF, 0x1D7E0, 0x1D7E1, 0x1D7E2,
        0x1D7E3, 0x1D7E4, 0x1D7E5, 0x1D7E6, 0x1D7E7, 0x1D7E8, 0x1D7E9, 0x1D7EA, 0x1D7EB, 0x1D7EC, 0x1D7ED, 0x1D7EE,
        0x1D7EF, 0x1D7F0, 0x1D7F1, 0x1D7F2, 0x1D7F3, 0x1D7F4, 0x1D7F5, 0x1D7F6, 0x1D7F7, 0x1D7F8, 0x1D7F9, 0x1D7FA,
        0x1D7FB, 0x1D7FC, 0x1D7FD, 0x1D7FE, 0x1D7FF, 0x1D800, 0x1DA8C, 0x1DA9B, 0x1DAA0, 0x1DAA1, 0x1DAB0, 0x1DF00,
        0x1DF1F, 0x1DF25, 0x1DF2B, 0x1E000, 0x1E007, 0x1E008, 0x1E019, 0x1E01B, 0x1E022, 0x1E023, 0x1E025, 0x1E026,
        0x1E02B, 0x1E030, 0x1E031, 0x1E032, 0x1E033, 0x1E034, 0x1E035, 0x1E036, 0x1E037, 0x1E038, 0x1E039, 0x1E03A,
        0x1E03B, 0x1E03C, 0x1E03D, 0x1E03E, 0x1E03F, 0x1E040, 0x1E041, 0x1E042, 0x1E043, 0x1E044, 0x1E045, 0x1E046,
        0x1E047, 0x1E048, 0x1E049, 0x1E04A, 0x1E04B, 0x1E04C, 0x1E04D, 0x1E04E, 0x1E04F, 0x1E050, 0x1E051, 0x1E052,
        0x1E053, 0x1E054, 0x1E055, 0x1E056, 0x1E057, 0x1E058, 0x1E059, 0x1E05A, 0x1E05B, 0x1E05C, 0x1E05D, 0x1E05E,
        0x1E05F, 0x1E060, 0x1E061, 0x1E062, 0x1E063, 0x1E064, 0x1E065, 0x1E066, 0x1E067, 0x1E068, 0x1E069, 0x1E06A,
        0x1E06B, 0x1E06C, 0x1E06D, 0x1E06E, 0x1E08F, 0x1E090, 0x1E100, 0x1E12D, 0x1E130, 0x1E13E, 0x1E140, 0x1E14A,
        0x1E14E, 0x1E150, 0x1E290, 0x1E2AF, 0x1E2C0, 0x1E2FA, 0x1E2FF, 0x1E300, 0x1E4D0, 0x1E4FA, 0x1E5D0, 0x1E5FB,
        0x1E5FF, 0x1E600, 0x1E6C0, 0x1E6DF, 0x1E6E0, 0x1E6F6, 0x1E6FE, 0x1E700, 0x1E7E0, 0x1E7E7, 0x1E7E8, 0x1E7EC,
        0x1E7ED, 0x1E7EF, 0x1E7F0, 0x1E7FF, 0x1E800, 0x1E8C5, 0x1E8C7, 0x1E8D7, 0x1E900, 0x1E901, 0x1E902, 0x1E903,
        0x1E904, 0x1E905, 0x1E906, 0x1E907, 0x1E908, 0x1E909, 0x1E90A, 0x1E90B, 0x1E90C, 0x1E90D, 0x1E90E, 0x1E90F,
        0x1E910, 0x1E911, 0x1E912, 0x1E913, 0x1E914, 0x1E915, 0x1E916, 0x1E917, 0x1E918, 0x1E919, 0x1E91A, 0x1E91B,
        0x1E91C, 0x1E91D, 0x1E91E, 0x1E91F, 0x1E920, 0x1E921, 0x1E922, 0x1E94C, 0x1E950, 0x1E95A, 0x1E95E, 0x1E960,
        0x1EC71, 0x1ECB5, 0x1ED01, 0x1ED3E, 0x1EE00, 0x1EE01, 0x1EE02, 0x1EE03, 0x1EE04, 0x1EE05, 0x1EE06, 0x1EE07,
        0x1EE08, 0x1EE09, 0x1EE0A, 0x1EE0B, 0x1EE0C, 0x1EE0D, 0x1EE0E, 0x1EE0F, 0x1EE10, 0x1EE11, 0x1EE12, 0x1EE13,
        0x1EE14, 0x1EE15, 0x1EE16, 0x1EE17, 0x1EE18, 0x1EE19, 0x1EE1A, 0x1EE1B, 0x1EE1C, 0x1EE1D, 0x1EE1E, 0x1EE1F,
        0x1EE20, 0x1EE21, 0x1EE22, 0x1EE23, 0x1EE24, 0x1EE25, 0x1EE27, 0x1EE28, 0x1EE29, 0x1EE2A, 0x1EE2B, 0x1EE2C,
        0x1EE2D, 0x1EE2E, 0x1EE2F, 0x1EE30, 0x1EE31, 0x1EE32, 0x1EE33, 0x1EE34, 0x1EE35, 0x1EE36, 0x1EE37, 0x1EE38,
        0x1EE39, 0x1EE3A, 0x1EE3B, 0x1EE3C, 0x1EE42, 0x1EE43, 0x1EE47, 0x1EE48, 0x1EE49, 0x1EE4A, 0x1EE4B, 0x1EE4C,
        0x1EE4D, 0x1EE4E, 0x1EE4F, 0x1EE50, 0x1EE51, 0x1EE52, 0x1EE53, 0x1EE54, 0x1EE55, 0x1EE57, 0x1EE58, 0x1EE59,
        0x1EE5A, 0x1EE5B, 0x1EE5C, 0x1EE5D, 0x1EE5E, 0x1EE5F, 0x1EE60, 0x1EE61, 0x1EE62, 0x1EE63, 0x1EE64, 0x1EE65,
        0x1EE67, 0x1EE68, 0x1EE69, 0x1EE6A, 0x1EE6B, 0x1EE6C, 0x1EE6D, 0x1EE6E, 0x1EE6F, 0x1EE70, 0x1EE71, 0x1EE72,
        0x1EE73, 0x1EE74, 0x1EE75, 0x1EE76, 0x1EE77, 0x1EE78, 0x1EE79, 0x1EE7A, 0x1EE7B, 0x1EE7C, 0x1EE7D, 0x1EE7E,
        0x1EE7F, 0x1EE80, 0x1EE81, 0x1EE82, 0x1EE83, 0x1EE84, 0x1EE85, 0x1EE86, 0x1EE87, 0x1EE88, 0x1EE89, 0x1EE8A,
        0x1EE8B, 0x1EE8C, 0x1EE8D, 0x1EE8E, 0x1EE8F, 0x1EE90, 0x1EE91, 0x1EE92, 0x1EE93, 0x1EE94, 0x1EE95, 0x1EE96,
        0x1EE97, 0x1EE98, 0x1EE99, 0x1EE9A, 0x1EE9B, 0x1EE9C, 0x1EEA1, 0x1EEA2, 0x1EEA3, 0x1EEA4, 0x1EEA5, 0x1EEA6,
        0x1EEA7, 0x1EEA8, 0x1EEA9, 0x1EEAA, 0x1EEAB, 0x1EEAC, 0x1EEAD, 0x1EEAE, 0x1EEAF, 0x1EEB0, 0x1EEB1, 0x1EEB2,
        0x1EEB3, 0x1EEB4, 0x1EEB5, 0x1EEB6, 0x1EEB7, 0x1EEB8, 0x1EEB9, 0x1EEBA, 0x1EEBB, 0x1EEBC, 0x1EEF0, 0x1EEF2,
        0x1F000, 0x1F02C, 0x1F030, 0x1F094, 0x1F0A0, 0x1F0AF, 0x1F0B1, 0x1F0C0, 0x1F0C1, 0x1F0D0, 0x1F0D1, 0x1F0F6,
        0x1F101, 0x1F102, 0x1F103, 0x1F104, 0x1F105, 0x1F106, 0x1F107, 0x1F108, 0x1F109, 0x1F10A, 0x1F10B, 0x1F110,
        0x1F111, 0x1F112, 0x1F113, 0x1F114, 0x1F115, 0x1F116, 0x1F117, 0x1F118, 0x1F119, 0x1F11A, 0x1F11B, 0x1F11C,
        0x1F11D, 0x1F11E, 0x1F11F, 0x1F120, 0x1F121, 0x1F122, 0x1F123, 0x1F124, 0x1F125, 0x1F126, 0x1F127, 0x1F128,
        0x1F129, 0x1F12A, 0x1F12B, 0x1F12C, 0x1F12D, 0x1F12E, 0x1F12F, 0x1F130, 0x1F131, 0x1F132, 0x1F133, 0x1F134,
        0x1F135, 0x1F136, 0x1F137, 0x1F138, 0x1F139, 0x1F13A, 0x1F13B, 0x1F13C, 0x1F13D, 0x1F13E, 0x1F13F, 0x1F140,
        0x1F141, 0x1F142, 0x1F143, 0x1F144, 0x1F145, 0x1F146, 0x1F147, 0x1F148, 0x1F149, 0x1F14A, 0x1F14B, 0x1F14C,
        0x1F14D, 0x1F14E, 0x1F14F, 0x1F150, 0x1F16A, 0x1F16B, 0x1F16C, 0x1F16D, 0x1F190, 0x1F191, 0x1F1AE, 0x1F1E6,
        0x1F200, 0x1F201, 0x1F202, 0x1F203, 0x1F210, 0x1F211, 0x1F212, 0x1F213, 0x1F214, 0x1F215, 0x1F216, 0x1F217,
        0x1F218, 0x1F219, 0x1F21A, 0x1F21B, 0x1F21C, 0x1F21D, 0x1F21E, 0x1F21F, 0x1F220, 0x1F221, 0x1F222, 0x1F223,
        0x1F224, 0x1F225, 0x1F226, 0x1F227, 0x1F228, 0x1F229, 0x1F22A, 0x1F22B, 0x1F22C, 0x1F22D, 0x1F22E, 0x1F22F,
        0x1F230, 0x1F231, 0x1F232, 0x1F233, 0x1F234, 0x1F235, 0x1F236, 0x1F237, 0x1F238, 0x1F239, 0x1F23A, 0x1F23B,
        0x1F23C, 0x1F240, 0x1F241, 0x1F242, 0x1F243, 0x1F244, 0x1F245, 0x1F246, 0x1F247, 0x1F248, 0x1F249, 0x1F250,
        0x1F251, 0x1F252, 0x1F260, 0x1F266, 0x1F300, 0x1F6D9, 0x1F6DC, 0x1F6ED, 0x1F6F0, 0x1F6FD, 0x1F700, 0x1F7DA,
        0x1F7E0, 0x1F7EC, 0x1F7F0, 0x1F7F1, 0x1F800, 0x1F80C, 0x1F810, 0x1F848, 0x1F850, 0x1F85A, 0x1F860, 0x1F888,
        0x1F890, 0x1F8AE, 0x1F8B0, 0x1F8BC, 0x1F8C0, 0x1F8C2, 0x1F8D0, 0x1F8D9, 0x1F900, 0x1FA58, 0x1FA60, 0x1FA6E,
        0x1FA70, 0x1FA7D, 0x1FA80, 0x1FA8B, 0x1FA8E, 0x1FAC7, 0x1FAC8, 0x1FAC9, 0x1FACD, 0x1FADD, 0x1FADF, 0x1FAEB,
        0x1FAEF, 0x1FAF9, 0x1FB00, 0x1FB93, 0x1FB94, 0x1FBF0, 0x1FBF1, 0x1FBF2, 0x1FBF3, 0x1FBF4, 0x1FBF5, 0x1FBF6,
        0x1FBF7, 0x1FBF8, 0x1FBF9, 0x1FBFA, 0x1FBFB, 0x20000, 0x2A6E0, 0x2A700, 0x2B81E, 0x2B820, 0x2CEAE, 0x2CEB0,
        0x2EBE1, 0x2EBF0, 0x2EE5E, 0x2F800, 0x2F801, 0x2F802, 0x2F803, 0x2F804, 0x2F805, 0x2F806, 0x2F807, 0x2F808,
        0x2F809, 0x2F80A, 0x2F80B, 0x2F80C, 0x2F80D, 0x2F80E, 0x2F80F, 0x2F810, 0x2F811, 0x2F812, 0x2F813, 0x2F814,
        0x2F815, 0x2F816, 0x2F817, 0x2F818, 0x2F819, 0x2F81A, 0x2F81B, 0x2F81C, 0x2F81D, 0x2F81E, 0x2F81F, 0x2F820,
        0x2F821, 0x2F822, 0x2F823, 0x2F824, 0x2F825, 0x2F826, 0x2F827, 0x2F828, 0x2F829, 0x2F82A, 0x2F82B, 0x2F82C,
        0x2F82D, 0x2F82E, 0x2F82F, 0x2F830, 0x2F831, 0x2F834, 0x2F835, 0x2F836, 0x2F837, 0x2F838, 0x2F839, 0x2F83A,
        0x2F83B, 0x2F83C, 0x2F83D, 0x2F83E, 0x2F83F, 0x2F840, 0x2F841, 0x2F842, 0x2F843, 0x2F844, 0x2F845, 0x2F847,
        0x2F848, 0x2F849, 0x2F84A, 0x2F84B, 0x2F84C, 0x2F84D, 0x2F84E, 0x2F84F, 0x2F850, 0x2F851, 0x2F852, 0x2F853,
        0x2F854, 0x2F855, 0x2F856, 0x2F857, 0x2F858, 0x2F859, 0x2F85A, 0x2F85B, 0x2F85C, 0x2F85D, 0x2F85E, 0x2F85F,
        0x2F860, 0x2F861, 0x2F862, 0x2F863, 0x2F864, 0x2F865, 0x2F866, 0x2F867, 0x2F868, 0x2F869, 0x2F86A, 0x2F86C,
        0x2F86D, 0x2F86E, 0x2F86F, 0x2F870, 0x2F871, 0x2F872, 0x2F873, 0x2F874, 0x2F875, 0x2F876, 0x2F877, 0x2F878,
        0x2F879, 0x2F87A, 0x2F87B, 0x2F87C, 0x2F87D, 0x2F87E, 0x2F87F, 0x2F880, 0x2F881, 0x2F882, 0x2F883, 0x2F884,
        0x2F885, 0x2F886, 0x2F887, 0x2F888, 0x2F889, 0x2F88A, 0x2F88B, 0x2F88C, 0x2F88D, 0x2F88E, 0x2F88F, 0x2F890,
        0x2F891, 0x2F893, 0x2F894, 0x2F896, 0x2F897, 0x2F898, 0x2F899, 0x2F89A, 0x2F89B, 0x2F89C, 0x2F89D, 0x2F89E,
        0x2F89F, 0x2F8A0, 0x2F8A1, 0x2F8A2, 0x2F8A3, 0x2F8A4, 0x2F8A5, 0x2F8A6, 0x2F8A7, 0x2F8A8, 0x2F8A9, 0x2F8AA,
        0x2F8AB, 0x2F8AC, 0x2F8AD, 0x2F8AE, 0x2F8AF, 0x2F8B0, 0x2F8B1, 0x2F8B2, 0x2F8B3, 0x2F8B4, 0x2F8B5, 0x2F8B6,
        0x2F8B7, 0x2F8B8, 0x2F8B9, 0x2F8BA, 0x2F8BB, 0x2F8BC, 0x2F8BD, 0x2F8BE, 0x2F8BF, 0x2F8C0, 0x2F8C1, 0x2F8C2,
        0x2F8C3, 0x2F8C4, 0x2F8C5, 0x2F8C6, 0x2F8C7, 0x2F8C8, 0x2F8C9, 0x2F8CA, 0x2F8CB, 0x2F8CC, 0x2F8CD, 0x2F8CE,
        0x2F8CF, 0x2F8D0, 0x2F8D1, 0x2F8D2, 0x2F8D3, 0x2F8D4, 0x2F8D5, 0x2F8D6, 0x2F8D7, 0x2F8D8, 0x2F8D9, 0x2F8DA,
        0x2F8DB, 0x2F8DC, 0x2F8DD, 0x2F8DE, 0x2F8DF, 0x2F8E0, 0x2F8E1, 0x2F8E2, 0x2F8E3, 0x2F8E4, 0x2F8E5, 0x2F8E6,
        0x2F8E7, 0x2F8E8, 0x2F8E9, 0x2F8EA, 0x2F8EB, 0x2F8EC, 0x2F8ED, 0x2F8EE, 0x2F8EF, 0x2F8F0, 0x2F8F1, 0x2F8F2,
        0x2F8F3, 0x2F8F4, 0x2F8F5, 0x2F8F6, 0x2F8F7, 0x2F8F8, 0x2F8F9, 0x2F8FA, 0x2F8FB, 0x2F8FC, 0x2F8FD, 0x2F8FE,
        0x2F8FF, 0x2F900, 0x2F901, 0x2F902, 0x2F903, 0x2F904, 0x2F905, 0x2F906, 0x2F907, 0x2F908, 0x2F909, 0x2F90A,
        0x2F90B, 0x2F90C, 0x2F90D, 0x2F90E, 0x2F90F, 0x2F910, 0x2F911, 0x2F912, 0x2F913, 0x2F914, 0x2F915, 0x2F916,
        0x2F917, 0x2F918, 0x2F919, 0x2F91A, 0x2F91B, 0x2F91C, 0x2F91D, 0x2F91E, 0x2F91F, 0x2F920, 0x2F921, 0x2F922,
        0x2F923, 0x2F924, 0x2F925, 0x2F926, 0x2F927, 0x2F928, 0x2F929, 0x2F92A, 0x2F92B, 0x2F92C, 0x2F92E, 0x2F92F,
        0x2F930, 0x2F931, 0x2F932, 0x2F933, 0x2F934, 0x2F935, 0x2F936, 0x2F937, 0x2F938, 0x2F939, 0x2F93A, 0x2F93B,
        0x2F93C, 0x2F93D, 0x2F93E, 0x2F93F, 0x2F940, 0x2F941, 0x2F942, 0x2F943, 0x2F944, 0x2F945, 0x2F946, 0x2F948,
        0x2F949, 0x2F94A, 0x2F94B, 0x2F94C, 0x2F94D, 0x2F94E, 0x2F94F, 0x2F950, 0x2F951, 0x2F952, 0x2F953, 0x2F954,
        0x2F955, 0x2F956, 0x2F957, 0x2F958, 0x2F959, 0x2F95A, 0x2F95B, 0x2F95C, 0x2F95D, 0x2F95F, 0x2F960, 0x2F961,
        0x2F962, 0x2F963, 0x2F964, 0x2F965, 0x2F966, 0x2F967, 0x2F968, 0x2F969, 0x2F96A, 0x2F96B, 0x2F96C, 0x2F96D,
        0x2F96E, 0x2F96F, 0x2F970, 0x2F971, 0x2F972, 0x2F973, 0x2F974, 0x2F975, 0x2F976, 0x2F977, 0x2F978, 0x2F979,
        0x2F97A, 0x2F97B, 0x2F97C, 0x2F97D, 0x2F97E, 0x2F97F, 0x2F980, 0x2F981, 0x2F982, 0x2F983, 0x2F984, 0x2F985,
        0x2F986, 0x2F987, 0x2F988, 0x2F989, 0x2F98A, 0x2F98B, 0x2F98C, 0x2F98D, 0x2F98E, 0x2F98F, 0x2F990, 0x2F991,
        0x2F992, 0x2F993, 0x2F994, 0x2F995, 0x2F996, 0x2F997, 0x2F998, 0x2F999, 0x2F99A, 0x2F99B, 0x2F99C, 0x2F99D,
        0x2F99E, 0x2F99F, 0x2F9A0, 0x2F9A1, 0x2F9A2, 0x2F9A3, 0x2F9A4, 0x2F9A5, 0x2F9A6, 0x2F9A7, 0x2F9A8, 0x2F9A9,
        0x2F9AA, 0x2F9AB, 0x2F9AC, 0x2F9AD, 0x2F9AE, 0x2F9AF, 0x2F9B0, 0x2F9B1, 0x2F9B2, 0x2F9B3, 0x2F9B4, 0x2F9B5,
        0x2F9B6, 0x2F9B7, 0x2F9B8, 0x2F9B9, 0x2F9BA, 0x2F9BB, 0x2F9BC, 0x2F9BD, 0x2F9BE, 0x2F9BF, 0x2F9C0, 0x2F9C1,
        0x2F9C2, 0x2F9C3, 0x2F9C4, 0x2F9C5, 0x2F9C6, 0x2F9C7, 0x2F9C8, 0x2F9C9, 0x2F9CA, 0x2F9CB, 0x2F9CC, 0x2F9CD,
        0x2F9CE, 0x2F9CF, 0x2F9D0, 0x2F9D1, 0x2F9D2, 0x2F9D3, 0x2F9D4, 0x2F9D5, 0x2F9D6, 0x2F9D7, 0x2F9D8, 0x2F9D9,
        0x2F9DA, 0x2F9DB, 0x2F9DC, 0x2F9DD, 0x2F9DE, 0x2F9DF, 0x2F9E0, 0x2F9E1, 0x2F9E2, 0x2F9E3, 0x2F9E4, 0x2F9E5,
        0x2F9E6, 0x2F9E7, 0x2F9E8, 0x2F9E9, 0x2F9EA, 0x2F9EB, 0x2F9EC, 0x2F9ED, 0x2F9EE, 0x2F9EF, 0x2F9F0, 0x2F9F1,
        0x2F9F2, 0x2F9F3, 0x2F9F4, 0x2F9F5, 0x2F9F6, 0x2F9F7, 0x2F9F8, 0x2F9F9, 0x2F9FA, 0x2F9FB, 0x2F9FC, 0x2F9FD,
        0x2F9FE, 0x2FA00, 0x2FA01, 0x2FA02, 0x2FA03, 0x2FA04, 0x2FA05, 0x2FA06, 0x2FA07, 0x2FA08, 0x2FA09, 0x2FA0A,
        0x2FA0B, 0x2FA0C, 0x2FA0D, 0x2FA0E, 0x2FA0F, 0x2FA10, 0x2FA11, 0x2FA12, 0x2FA13, 0x2FA14, 0x2FA15, 0x2FA16,
        0x2FA17, 0x2FA18, 0x2FA19, 0x2FA1A, 0x2FA1B, 0x2FA1C, 0x2FA1D, 0x2FA1E, 0x30000, 0x3134B, 0x31350, 0x3347A,
        0xE0100, 0xE01F0,
    ];

    private static ReadOnlySpan<int> MappingValues =>
    [
        0x0, 0x6, 0x106, 0x206, 0x306, 0x406, 0x506, 0x606, 0x706, 0x806, 0x906, 0xA06,
        0xB06, 0xC06, 0xD06, 0xE06, 0xF06, 0x1006, 0x1106, 0x1206, 0x1306, 0x1406, 0x1506, 0x1606,
        0x1706, 0x1806, 0x1906, 0x0, 0x3, 0x1A06, 0x0, 0x1B0A, 0x0, 0x6, 0x0, 0x1,
        0x0, 0x1D0A, 0x0, 0x1F06, 0x2006, 0x210A, 0x2306, 0x0, 0x240A, 0x2606, 0xE06, 0x0,
        0x270E, 0x2A0E, 0x2D0E, 0x0, 0x3006, 0x3106, 0x3206, 0x3306, 0x3406, 0x3506, 0x3606, 0x3706,
        0x3806, 0x3906, 0x3A06, 0x3B06, 0x3C06, 0x3D06, 0x3E06, 0x3F06, 0x4006, 0x4106, 0x4206, 0x4306,
        0x4406, 0x4506, 0x4606, 0x0, 0x4706, 0x4806, 0x4906, 0x4A06, 0x4B06, 0x4C06, 0x4D06, 0x0,
        0x4E06, 0x0, 0x4F06, 0x0, 0x5006, 0x0, 0x5106, 0x0, 0x5206, 0x0, 0x5306, 0x0,
        0x5406, 0x0, 0x5506, 0x0, 0x5606, 0x0, 0x5706, 0x0, 0x5806, 0x0, 0x5906, 0x0,
        0x5A06, 0x0, 0x5B06, 0x0, 0x5C06, 0x0, 0x5D06, 0x0, 0x5E06, 0x0, 0x5F06, 0x0,
        0x6006, 0x0, 0x6106, 0x0, 0x6206, 0x0, 0x6306, 0x0, 0x6406, 0x0, 0x6506, 0x0,
        0x660A, 0x0, 0x80A, 0x6806, 0x0, 0x6906, 0x0, 0x6A06, 0x0, 0x6B06, 0x0, 0x6C06,
        0x0, 0x6D0A, 0x6F06, 0x0, 0x7006, 0x0, 0x7106, 0x0, 0x7206, 0x0, 0x730A, 0x7506,
        0x0, 0x7606, 0x0, 0x7706, 0x0, 0x7806, 0x0, 0x7906, 0x0, 0x7A06, 0x0, 0x7B06,
        0x0, 0x7C06, 0x0, 0x7D06, 0x0, 0x7E06, 0x0, 0x7F06, 0x0, 0x8006, 0x0, 0x8106,
        0x0, 0x8206, 0x0, 0x8306, 0x0, 0x8406, 0x0, 0x8506, 0x0, 0x8606, 0x0, 0x8706,
        0x0, 0x8806, 0x0, 0x8906, 0x0, 0x8A06, 0x0, 0x8B06, 0x0, 0x8C06, 0x8D06, 0x0,
        0x8E06, 0x0, 0x8F06, 0x0, 0x1206, 0x0, 0x9006, 0x9106, 0x0, 0x9206, 0x0, 0x9306,
        0x9406, 0x0, 0x9506, 0x9606, 0x9706, 0x0, 0x9806, 0x9906, 0x9A06, 0x9B06, 0x0, 0x9C06,
        0x9D06, 0x0, 0x9E06, 0x9F06, 0xA006, 0x0, 0xA106, 0xA206, 0x0, 0xA306, 0xA406, 0x0,
        0xA506, 0x0, 0xA606, 0x0, 0xA706, 0xA806, 0x0, 0xA906, 0x0, 0xAA06, 0x0, 0xAB06,
        0xAC06, 0x0, 0xAD06, 0xAE06, 0xAF06, 0x0, 0xB006, 0x0, 0xB106, 0xB206, 0x0, 0xB306,
        0x0, 0xB40A, 0xB60A, 0xB80A, 0xBA06, 0x0, 0xBB06, 0x0, 0xBC06, 0x0, 0xBD06, 0x0,
        0xBE06, 0x0, 0xBF06, 0x0, 0xC006, 0x0, 0xC106, 0x0, 0xC206, 0x0, 0xC306, 0x0,
        0xC406, 0x0, 0xC506, 0x0, 0xC606, 0x0, 0xC706, 0x0, 0xC806, 0x0, 0xC906, 0x0,
        0xCA06, 0x0, 0xCB0A, 0xCD06, 0x0, 0xCE06, 0xCF06, 0xD006, 0x0, 0xD106, 0x0, 0xD206,
        0x0, 0xD306, 0x0, 0xD406, 0x0, 0xD506, 0x0, 0xD606, 0x0, 0xD706, 0x0, 0xD806,
        0x0, 0xD906, 0x0, 0xDA06, 0x0, 0xDB06, 0x0, 0xDC06, 0x0, 0xDD06, 0x0, 0xDE06,
        0x0, 0xDF06, 0x0, 0xE006, 0x0, 0xE106, 0x0, 0xE206, 0x0, 0xE306, 0x0, 0xE406,
        0x0, 0xE506, 0x0, 0xE606, 0x0, 0xE706, 0x0, 0xE806, 0x0, 0xE906, 0x0, 0xEA06,
        0x0, 0xEB06, 0x0, 0xEC06, 0x0, 0xED06, 0x0, 0xEE06, 0xEF06, 0x0, 0xF006, 0xF106,
        0x0, 0xF206, 0x0, 0xF306, 0xF406, 0xF506, 0xF606, 0x0, 0xF706, 0x0, 0xF806, 0x0,
        0xF906, 0x0, 0xFA06, 0x0, 0x706, 0xFB06, 0x906, 0x1106, 0xFC06, 0xFD06, 0xFE06, 0x1606,
        0x1806, 0x0, 0xFF0A, 0x1010A, 0x1030A, 0x1050A, 0x1070A, 0x1090A, 0x0, 0x9D06, 0xB06, 0x1206,
        0x1706, 0x10B06, 0x0, 0x10C06, 0x2206, 0x0, 0x10D06, 0x10E0A, 0x11006, 0x0, 0x1, 0x0,
        0x11106, 0x0, 0x11206, 0x0, 0x11306, 0x0, 0x11406, 0x0, 0x3, 0x1150A, 0x0, 0x11706,
        0x11806, 0x3, 0x210A, 0x1190E, 0x11C06, 0x6E06, 0x11D06, 0x11E06, 0x11F06, 0x3, 0x12006, 0x3,
        0x12106, 0x12206, 0x0, 0x12306, 0x12406, 0x12506, 0x12606, 0x12706, 0x12806, 0x12906, 0x12A06, 0x11006,
        0x12B06, 0x12C06, 0x2306, 0x12D06, 0x12E06, 0x12F06, 0x13006, 0x13106, 0x3, 0x13206, 0x13306, 0x13406,
        0x13506, 0x13606, 0x13706, 0x13806, 0x13906, 0x13A06, 0x0, 0x13B06, 0x12406, 0x12A06, 0x13406, 0x12106,
        0x13A06, 0x13506, 0x13006, 0x0, 0x13C06, 0x0, 0x13D06, 0x0, 0x13E06, 0x0, 0x13F06, 0x0,
        0x14006, 0x0, 0x14106, 0x0, 0x14206, 0x0, 0x14306, 0x0, 0x14406, 0x0, 0x14506, 0x0,
        0x14606, 0x0, 0x14706, 0x0, 0x12B06, 0x13106, 0x13206, 0x0, 0x12A06, 0x12706, 0x0, 0x14806,
        0x0, 0x13206, 0x14906, 0x0, 0x14A06, 0x14B06, 0x14C06, 0x14D06, 0x14E06, 0x14F06, 0x15006, 0x15106,
        0x15206, 0x15306, 0x15406, 0x15506, 0x15606, 0x15706, 0x15806, 0x15906, 0x15A06, 0x15B06, 0x15C06, 0x15D06,
        0x15E06, 0x15F06, 0x16006, 0x16106, 0x16206, 0x16306, 0x16406, 0x16506, 0x16606, 0x16706, 0x16806, 0x16906,
        0x16A06, 0x16B06, 0x16C06, 0x16D06, 0x16E06, 0x16F06, 0x17006, 0x17106, 0x17206, 0x17306, 0x17406, 0x17506,
        0x17606, 0x17706, 0x17806, 0x17906, 0x17A06, 0x17B06, 0x17C06, 0x0, 0x17D06, 0x0, 0x17E06, 0x0,
        0x17F06, 0x0, 0x18006, 0x0, 0x18106, 0x0, 0x18206, 0x0, 0x18306, 0x0, 0x18406, 0x0,
        0x18506, 0x0, 0x18606, 0x0, 0x18706, 0x0, 0x18806, 0x0, 0x18906, 0x0, 0x18A06, 0x0,
        0x18B06, 0x0, 0x18C06, 0x0, 0x18D06, 0x0, 0x18E06, 0x0, 0x18F06, 0x0, 0x19006, 0x0,
        0x19106, 0x0, 0x19206, 0x0, 0x19306, 0x0, 0x19406, 0x0, 0x19506, 0x0, 0x19606, 0x0,
        0x19706, 0x0, 0x19806, 0x0, 0x19906, 0x0, 0x19A06, 0x0, 0x19B06, 0x0, 0x19C06, 0x0,
        0x19D06, 0x0, 0x19E06, 0x0, 0x19F06, 0x0, 0x1A006, 0x0, 0x1A106, 0x0, 0x1A206, 0x0,
        0x1A306, 0x0, 0x1A406, 0x0, 0x1A506, 0x0, 0x1A606, 0x0, 0x1A706, 0x0, 0x1A806, 0x0,
        0x1A906, 0x1AA06, 0x0, 0x1AB06, 0x0, 0x1AC06, 0x0, 0x1AD06, 0x0, 0x1AE06, 0x0, 0x1AF06,
        0x0, 0x1B006, 0x0, 0x1B106, 0x0, 0x1B206, 0x0, 0x1B306, 0x0, 0x1B406, 0x0, 0x1B506,
        0x0, 0x1B606, 0x0, 0x1B706, 0x0, 0x1B806, 0x0, 0x1B906, 0x0, 0x1BA06, 0x0, 0x1BB06,
        0x0, 0x1BC06, 0x0, 0x1BD06, 0x0, 0x1BE06, 0x0, 0x1BF06, 0x0, 0x1C006, 0x0, 0x1C106,
        0x0, 0x1C206, 0x0, 0x1C306, 0x0, 0x1C406, 0x0, 0x1C506, 0x0, 0x1C606, 0x0, 0x1C706,
        0x0, 0x1C806, 0x0, 0x1C906, 0x0, 0x1CA06, 0x0, 0x1CB06, 0x0, 0x1CC06, 0x0, 0x1CD06,
        0x0, 0x1CE06, 0x0, 0x1CF06, 0x0, 0x1D006, 0x0, 0x1D106, 0x0, 0x1D206, 0x0, 0x1D306,
        0x0, 0x1D406, 0x0, 0x1D506, 0x0, 0x1D606, 0x0, 0x1D706, 0x0, 0x1D806, 0x0, 0x1D906,
        0x0, 0x1DA06, 0x0, 0x1DB06, 0x0, 0x1DC06, 0x0, 0x1DD06, 0x0, 0x1DE06, 0x0, 0x1DF06,
        0x0, 0x1E006, 0x0, 0x3, 0x1E106, 0x1E206, 0x1E306, 0x1E406, 0x1E506, 0x1E606, 0x1E706, 0x1E806,
        0x1E906, 0x1EA06, 0x1EB06, 0x1EC06, 0x1ED06, 0x1EE06, 0x1EF06, 0x1F006, 0x1F106, 0x1F206, 0x1F306, 0x1F406,
        0x1F506, 0x1F606, 0x1F706, 0x1F806, 0x1F906, 0x1FA06, 0x1FB06, 0x1FC06, 0x1FD06, 0x1FE06, 0x1FF06, 0x20006,
        0x20106, 0x20206, 0x20306, 0x20406, 0x20506, 0x20606, 0x3, 0x0, 0x2070A, 0x0, 0x3, 0x0,
        0x3, 0x0, 0x3, 0x0, 0x3, 0x0, 0x3, 0x0, 0x3, 0x0, 0x2090A, 0x20B0A,
        0x20D0A, 0x20F0A, 0x0, 0x3, 0x0, 0x3, 0x0, 0x3, 0x0, 0x3, 0x0, 0x3,
        0x0, 0x3, 0x0, 0x3, 0x0, 0x3, 0x0, 0x3, 0x0, 0x3, 0x0, 0x3,
        0x0, 0x3, 0x0, 0x2110A, 0x2130A, 0x2150A, 0x2170A, 0x2190A, 0x21B0A, 0x21D0A, 0x21F0A, 0x0,
        0x3, 0x0, 0x3, 0x0, 0x3, 0x0, 0x3, 0x0, 0x3, 0x0, 0x3, 0x0,
        0x3, 0x0, 0x3, 0x0, 0x3, 0x0, 0x3, 0x0, 0x3, 0x2210A, 0x2230A, 0x3,
        0x2250A, 0x0, 0x3, 0x0, 0x3, 0x0, 0x3, 0x0, 0x3, 0x0, 0x3, 0x0,
        0x3, 0x0, 0x3, 0x0, 0x2270A, 0x3, 0x0, 0x2290A, 0x3, 0x0, 0x3, 0x0,
        0x3, 0x0, 0x3, 0x0, 0x3, 0x0, 0x3, 0x0, 0x3, 0x22B0A, 0x22D0A, 0x22F0A,
        0x0, 0x3, 0x2310A, 0x3, 0x0, 0x3, 0x0, 0x3, 0x0, 0x3, 0x0, 0x3,
        0x0, 0x3, 0x0, 0x3, 0x0, 0x3, 0x0, 0x3, 0x0, 0x3, 0x0, 0x3,
        0x0, 0x3, 0x0, 0x3, 0x0, 0x3, 0x0, 0x3, 0x0, 0x3, 0x0, 0x3,
        0x0, 0x3, 0x0, 0x3, 0x0, 0x3, 0x0, 0x3, 0x0, 0x3, 0x0, 0x3,
        0x0, 0x3, 0x0, 0x3, 0x0, 0x3, 0x0, 0x3, 0x2330A, 0x2350A, 0x3, 0x0,
        0x3, 0x0, 0x3, 0x0, 0x3, 0x0, 0x3, 0x0, 0x3, 0x0, 0x3, 0x0,
        0x3, 0x0, 0x3, 0x0, 0x3, 0x0, 0x3, 0x0, 0x3, 0x0, 0x3, 0x0,
        0x3, 0x0, 0x3, 0x0, 0x3, 0x0, 0x3, 0x0, 0x3, 0x0, 0x3, 0x0,
        0x3, 0x0, 0x3, 0x0, 0x3, 0x0, 0x3, 0x0, 0x3, 0x0, 0x3, 0x0,
        0x3, 0x0, 0x3, 0x0, 0x3, 0x0, 0x3, 0x0, 0x3, 0x0, 0x3, 0x0,
        0x3, 0x0, 0x3, 0x0, 0x3, 0x0, 0x3, 0x0, 0x3, 0x0, 0x3, 0x0,
        0x3, 0x0, 0x3, 0x0, 0x3, 0x0, 0x3, 0x0, 0x3, 0x0, 0x3, 0x0,
        0x3, 0x0, 0x3, 0x0, 0x3, 0x0, 0x3, 0x0, 0x3, 0x0, 0x3, 0x0,
        0x3, 0x0, 0x3, 0x0, 0x3, 0x0, 0x3, 0x0, 0x3, 0x0, 0x3, 0x0,
        0x3, 0x0, 0x3, 0x0, 0x3, 0x0, 0x3, 0x0, 0x3, 0x0, 0x3, 0x0,
        0x3, 0x0, 0x3, 0x0, 0x2370A, 0x0, 0x3, 0x0, 0x3, 0x0, 0x3, 0x0,
        0x3, 0x0, 0x3, 0x0, 0x3, 0x0, 0x3, 0x0, 0x2390A, 0x0, 0x3, 0x0,
        0x3, 0x0, 0x3, 0x0, 0x3, 0x0, 0x3, 0x23B0A, 0x23D0A, 0x0, 0x3, 0x0,
        0x23F06, 0x0, 0x2400A, 0x0, 0x3, 0x0, 0x2420A, 0x0, 0x2440A, 0x0, 0x2460A, 0x0,
        0x2480A, 0x0, 0x24A0A, 0x0, 0x3, 0x0, 0x24C0A, 0x0, 0x24E0A, 0x2500A, 0x2520E, 0x2550A,
        0x2570E, 0x0, 0x2530A, 0x0, 0x25A0A, 0x0, 0x3, 0x0, 0x25C0A, 0x0, 0x25E0A, 0x0,
        0x2600A, 0x0, 0x2620A, 0x0, 0x2640A, 0x0, 0x3, 0x0, 0x3, 0x0, 0x3, 0x0,
        0x26606, 0x26706, 0x26806, 0x26906, 0x26A06, 0x26B06, 0x26C06, 0x26D06, 0x26E06, 0x26F06, 0x27006, 0x27106,
        0x27206, 0x27306, 0x27406, 0x27506, 0x27606, 0x27706, 0x27806, 0x27906, 0x27A06, 0x27B06, 0x27C06, 0x27D06,
        0x27E06, 0x27F06, 0x28006, 0x28106, 0x28206, 0x28306, 0x28406, 0x28506, 0x28606, 0x28706, 0x28806, 0x28906,
        0x28A06, 0x28B06, 0x3, 0x28C06, 0x3, 0x28D06, 0x3, 0x0, 0x28E06, 0x0, 0x1, 0x0,
        0x3, 0x0, 0x3, 0x0, 0x3, 0x0, 0x3, 0x0, 0x3, 0x0, 0x3, 0x0,
        0x3, 0x0, 0x3, 0x0, 0x3, 0x0, 0x3, 0x0, 0x3, 0x0, 0x3, 0x0,
        0x3, 0x0, 0x3, 0x0, 0x3, 0x0, 0x3, 0x0, 0x3, 0x0, 0x3, 0x0,
        0x3, 0x28F06, 0x29006, 0x29106, 0x29206, 0x29306, 0x29406, 0x3, 0x0, 0x3, 0x0, 0x3,
        0x0, 0x3, 0x0, 0x3, 0x0, 0x3, 0x0, 0x3, 0x0, 0x3, 0x0, 0x3,
        0x0, 0x3, 0x0, 0x1, 0x0, 0x3, 0x0, 0x3, 0x0, 0x3, 0x0, 0x1,
        0x0, 0x3, 0x0, 0x3, 0x0, 0x3, 0x0, 0x3, 0x0, 0x3, 0x0, 0x3,
        0x0, 0x3, 0x0, 0x3, 0x0, 0x3, 0x0, 0x3, 0x0, 0x3, 0x0, 0x3,
        0x0, 0x3, 0x0, 0x3, 0x0, 0x3, 0x0, 0x3, 0x0, 0x3, 0x0, 0x3,
        0x0, 0x3, 0x0, 0x3, 0x0, 0x3, 0x0, 0x3, 0x0, 0x3, 0x0, 0x3,
        0x0, 0x3, 0x0, 0x15F06, 0x16106, 0x16B06, 0x16E06, 0x16F06, 0x17706, 0x17E06, 0x29506, 0x29606,
        0x0, 0x3, 0x29706, 0x29806, 0x29906, 0x29A06, 0x29B06, 0x29C06, 0x29D06, 0x29E06, 0x29F06, 0x2A006,
        0x2A106, 0x2A206, 0x28E06, 0x2A306, 0x2A406, 0x2A506, 0x2A606, 0x2A706, 0x2A806, 0x2A906, 0x2AA06, 0x2AB06,
        0x2AC06, 0x2AD06, 0x2AE06, 0x2AF06, 0x2B006, 0x2B106, 0x2B206, 0x2B306, 0x2B406, 0x2B506, 0x2B606, 0x2B706,
        0x2B806, 0x2B906, 0x2BA06, 0x2BB06, 0x2BC06, 0x2BD06, 0x2BE06, 0x2BF06, 0x2C006, 0x3, 0x2C106, 0x2C206,
        0x2C306, 0x0, 0x3, 0x0, 0x3, 0x0, 0x6, 0x3606, 0x106, 0x0, 0x306, 0x406,
        0x9806, 0x606, 0x706, 0x806, 0x906, 0xA06, 0xB06, 0xC06, 0xD06, 0x0, 0xE06, 0xE506,
        0xF06, 0x1106, 0x1306, 0x1406, 0x1606, 0x6, 0x2C406, 0x2C506, 0x2C606, 0x106, 0x306, 0x406,
        0x9906, 0x9A06, 0x2C706, 0x606, 0x0, 0xA06, 0xC06, 0x7506, 0xE06, 0x9306, 0x2C806, 0x2C906,
        0xF06, 0x1306, 0x1406, 0x2CA06, 0xA106, 0x1506, 0x2CB06, 0x12406, 0x12506, 0x12606, 0x13506, 0x13606,
        0x806, 0x1106, 0x1406, 0x1506, 0x12406, 0x12506, 0x13106, 0x13506, 0x13606, 0x0, 0x16A06, 0x0,
        0x2CC06, 0x206, 0x2CD06, 0x4006, 0x2C706, 0x506, 0x2CE06, 0x2CF06, 0x2D006, 0x9F06, 0x9E06, 0x2D106,
        0x2D206, 0x2D306, 0x2D406, 0x2D506, 0x2D606, 0x2D706, 0x2D806, 0xA206, 0x2D906, 0x2DA06, 0xA306, 0x2DB06,
        0x2DC06, 0xA906, 0x2DD06, 0xF406, 0xAD06, 0x2DE06, 0xAE06, 0xF506, 0x1906, 0x2DF06, 0x2E006, 0xB106,
        0x12A06, 0x0, 0x2E106, 0x0, 0x2E206, 0x0, 0x2E306, 0x0, 0x2E406, 0x0, 0x2E506, 0x0,
        0x2E606, 0x0, 0x2E706, 0x0, 0x2E806, 0x0, 0x2E906, 0x0, 0x2EA06, 0x0, 0x2EB06, 0x0,
        0x2EC06, 0x0, 0x2ED06, 0x0, 0x2EE06, 0x0, 0x2EF06, 0x0, 0x2F006, 0x0, 0x2F106, 0x0,
        0x2F206, 0x0, 0x2F306, 0x0, 0x2F406, 0x0, 0x2F506, 0x0, 0x2F606, 0x0, 0x2F706, 0x0,
        0x2F806, 0x0, 0x2F906, 0x0, 0x2FA06, 0x0, 0x2FB06, 0x0, 0x2FC06, 0x0, 0x2FD06, 0x0,
        0x2FE06, 0x0, 0x2FF06, 0x0, 0x30006, 0x0, 0x30106, 0x0, 0x30206, 0x0, 0x30306, 0x0,
        0x30406, 0x0, 0x30506, 0x0, 0x30606, 0x0, 0x30706, 0x0, 0x30806, 0x0, 0x30906, 0x0,
        0x30A06, 0x0, 0x30B06, 0x0, 0x30C06, 0x0, 0x30D06, 0x0, 0x30E06, 0x0, 0x30F06, 0x0,
        0x31006, 0x0, 0x31106, 0x0, 0x31206, 0x0, 0x31306, 0x0, 0x31406, 0x0, 0x31506, 0x0,
        0x31606, 0x0, 0x31706, 0x0, 0x31806, 0x0, 0x31906, 0x0, 0x31A06, 0x0, 0x31B06, 0x0,
        0x31C06, 0x0, 0x31D06, 0x0, 0x31E06, 0x0, 0x31F06, 0x0, 0x32006, 0x0, 0x32106, 0x0,
        0x32206, 0x0, 0x32306, 0x0, 0x32406, 0x0, 0x32506, 0x0, 0x32606, 0x0, 0x32706, 0x0,
        0x32806, 0x0, 0x32906, 0x0, 0x32A06, 0x0, 0x32B06, 0x0, 0x32C0A, 0x31106, 0x0, 0x32E06,
        0x0, 0x32F06, 0x0, 0x33006, 0x0, 0x33106, 0x0, 0x33206, 0x0, 0x33306, 0x0, 0x33406,
        0x0, 0x33506, 0x0, 0x33606, 0x0, 0x33706, 0x0, 0x33806, 0x0, 0x33906, 0x0, 0x33A06,
        0x0, 0x33B06, 0x0, 0x33C06, 0x0, 0x33D06, 0x0, 0x33E06, 0x0, 0x33F06, 0x0, 0x34006,
        0x0, 0x34106, 0x0, 0x34206, 0x0, 0x34306, 0x0, 0x34406, 0x0, 0x34506, 0x0, 0x34606,
        0x0, 0x34706, 0x0, 0x34806, 0x0, 0x34906, 0x0, 0x34A06, 0x0, 0x34B06, 0x0, 0x34C06,
        0x0, 0x34D06, 0x0, 0x34E06, 0x0, 0x34F06, 0x0, 0x35006, 0x0, 0x35106, 0x0, 0x35206,
        0x0, 0x35306, 0x0, 0x35406, 0x0, 0x35506, 0x0, 0x35606, 0x0, 0x35706, 0x0, 0x35806,
        0x0, 0x35906, 0x0, 0x35A06, 0x0, 0x35B06, 0x0, 0x35C06, 0x0, 0x35D06, 0x0, 0x35E06,
        0x0, 0x35F06, 0x36006, 0x36106, 0x36206, 0x36306, 0x36406, 0x36506, 0x36606, 0x0, 0x3, 0x36706,
        0x36806, 0x36906, 0x36A06, 0x36B06, 0x36C06, 0x3, 0x0, 0x36D06, 0x36E06, 0x36F06, 0x37006, 0x37106,
        0x37206, 0x37306, 0x37406, 0x0, 0x37506, 0x37606, 0x37706, 0x37806, 0x37906, 0x37A06, 0x37B06, 0x37C06,
        0x0, 0x3, 0x37D06, 0x37E06, 0x37F06, 0x38006, 0x38106, 0x38206, 0x3, 0x0, 0x3, 0x38306,
        0x3, 0x38406, 0x3, 0x38506, 0x3, 0x38606, 0x0, 0x38706, 0x38806, 0x38906, 0x38A06, 0x38B06,
        0x38C06, 0x38D06, 0x38E06, 0x0, 0x11C06, 0x0, 0x11D06, 0x0, 0x11E06, 0x0, 0x11F06, 0x0,
        0x12006, 0x0, 0x12106, 0x0, 0x12206, 0x3, 0x38F0A, 0x3910A, 0x3930A, 0x3950A, 0x3970A, 0x3990A,
        0x39B0A, 0x39D0A, 0x38F0A, 0x3910A, 0x3930A, 0x3950A, 0x3970A, 0x3990A, 0x39B0A, 0x39D0A, 0x39F0A, 0x3A10A,
        0x3A30A, 0x3A50A, 0x3A70A, 0x3A90A, 0x3AB0A, 0x3AD0A, 0x39F0A, 0x3A10A, 0x3A30A, 0x3A50A, 0x3A70A, 0x3A90A,
        0x3AB0A, 0x3AD0A, 0x3AF0A, 0x3B10A, 0x3B30A, 0x3B50A, 0x3B70A, 0x3B90A, 0x3BB0A, 0x3BD0A, 0x3AF0A, 0x3B10A,
        0x3B30A, 0x3B50A, 0x3B70A, 0x3B90A, 0x3BB0A, 0x3BD0A, 0x0, 0x3BF0A, 0x3C10A, 0x3C30A, 0x3, 0x0,
        0x3C50A, 0x3C706, 0x3C806, 0x3BF06, 0x11C06, 0x3C10A, 0x3C90A, 0x11006, 0x3C90A, 0x3CB0A, 0x3CD0E, 0x3D00A,
        0x3D20A, 0x3D40A, 0x3, 0x0, 0x3D60A, 0x3D806, 0x11D06, 0x3D006, 0x11E06, 0x3D20A, 0x3D90E, 0x3DC0E,
        0x3DF0E, 0x0, 0x3E206, 0x3, 0x0, 0x3E306, 0x3E406, 0x3E506, 0x11F06, 0x3, 0x3E60E, 0x3E90E,
        0x3EC0E, 0x0, 0x3EF06, 0x0, 0x3F006, 0x3F106, 0x3F206, 0x12106, 0x3F306, 0x3F40E, 0x1190E, 0x3F706,
        0x3, 0x3F80A, 0x3FA0A, 0x3FC0A, 0x3, 0x0, 0x3FE0A, 0x40006, 0x12006, 0x3F806, 0x12206, 0x3FA0A,
        0x210A, 0x3E60A, 0x3, 0x1A06, 0x1, 0x0, 0x3, 0x0, 0x40106, 0x0, 0x4020A, 0x0,
        0x3, 0x0, 0x3, 0x1A06, 0x0, 0x4040A, 0x4060E, 0x0, 0x4090A, 0x40B0E, 0x0, 0x40E0A,
        0x0, 0x4100A, 0x0, 0x4120A, 0x4140A, 0x4160A, 0x0, 0x40412, 0x0, 0x1A06, 0x1, 0x3,
        0x1, 0x41806, 0x806, 0x3, 0x2906, 0x41906, 0x41A06, 0x41B06, 0x41C06, 0x41D06, 0x41E06, 0x41F06,
        0x42006, 0x42106, 0x42206, 0xD06, 0x41806, 0x2606, 0x1F06, 0x2006, 0x2906, 0x41906, 0x41A06, 0x41B06,
        0x41C06, 0x41D06, 0x41E06, 0x41F06, 0x42006, 0x42106, 0x42206, 0x3, 0x6, 0x406, 0xE06, 0x1706,
        0x9906, 0x706, 0xA06, 0xB06, 0xC06, 0xD06, 0xF06, 0x1206, 0x1306, 0x3, 0x0, 0x110A,
        0x0, 0x3, 0x0, 0x3, 0x4230E, 0x4260E, 0x206, 0x4290A, 0x0, 0x42B0E, 0x42E0E, 0x9A06,
        0x0, 0x4310A, 0x606, 0x706, 0x6106, 0x806, 0xB06, 0x0, 0xD06, 0xD0A, 0x0, 0xF06,
        0x1006, 0x1106, 0x0, 0x4330A, 0x4350E, 0x4380A, 0x0, 0x1906, 0x0, 0x13806, 0x0, 0x1906,
        0x0, 0xA06, 0x3506, 0x106, 0x206, 0x0, 0x406, 0x506, 0x43A06, 0xC06, 0xE06, 0x43B06,
        0x43C06, 0x43D06, 0x43E06, 0x806, 0x0, 0x43F0E, 0x13006, 0x12506, 0x13006, 0x44206, 0x0, 0x306,
        0x406, 0x806, 0x906, 0x0, 0x4430E, 0x4460E, 0x44912, 0x44D0E, 0x4500E, 0x4530E, 0x4560E, 0x4590E,
        0x45C0E, 0x45F0E, 0x4620E, 0x4650E, 0x4680E, 0x46B0E, 0x46E0E, 0x270A, 0x806, 0x4710A, 0x4730E, 0x4760A,
        0x1506, 0x4780A, 0x47A0E, 0x47D12, 0x4810A, 0x1706, 0x4830A, 0x4850E, 0xB06, 0x206, 0x306, 0xC06,
        0x806, 0x4710A, 0x4730E, 0x4760A, 0x1506, 0x4780A, 0x47A0E, 0x47D12, 0x4810A, 0x1706, 0x4830A, 0x4850E,
        0xB06, 0x206, 0x306, 0xC06, 0x0, 0x48806, 0x0, 0x4890E, 0x0, 0x3, 0x0, 0x48C0A,
        0x48E0E, 0x0, 0x4910A, 0x4930E, 0x0, 0x49606, 0x49706, 0x0, 0x3, 0x0, 0x3, 0x2606,
        0x1F06, 0x2006, 0x2906, 0x41906, 0x41A06, 0x41B06, 0x41C06, 0x41D06, 0x44B0A, 0x260A, 0x4980A, 0x49A0A,
        0x49C0A, 0x49E0A, 0x4A00A, 0x4A20A, 0x4A40A, 0x4A60A, 0x4A80A, 0x4AA0E, 0x4AD0E, 0x4B00E, 0x4B30E, 0x4B60E,
        0x4B90E, 0x4BC0E, 0x4BF0E, 0x4C20E, 0x4C512, 0x4C912, 0x4CD12, 0x4D112, 0x4D512, 0x4D912, 0x4DD12, 0x4E112,
        0x4E512, 0x4E912, 0x4ED12, 0x3, 0x4F10E, 0x4F40E, 0x4F70E, 0x4FA0E, 0x4FD0E, 0x5000E, 0x5030E, 0x5060E,
        0x5090E, 0x50C0E, 0x50F0E, 0x5120E, 0x5150E, 0x5180E, 0x51B0E, 0x51E0E, 0x5210E, 0x5240E, 0x5270E, 0x52A0E,
        0x52D0E, 0x5300E, 0x5330E, 0x5360E, 0x5390E, 0x53C0E, 0x6, 0x106, 0x206, 0x306, 0x406, 0x506,
        0x606, 0x706, 0x806, 0x906, 0xA06, 0xB06, 0xC06, 0xD06, 0xE06, 0xF06, 0x1006, 0x1106,
        0x1206, 0x1306, 0x1406, 0x1506, 0x1606, 0x1706, 0x1806, 0x1906, 0x6, 0x106, 0x206, 0x306,
        0x406, 0x506, 0x606, 0x706, 0x806, 0x906, 0xA06, 0xB06, 0xC06, 0xD06, 0xE06, 0xF06,
        0x1006, 0x1106, 0x1206, 0x1306, 0x1406, 0x1506, 0x1606, 0x1706, 0x1806, 0x1906, 0x41806, 0x0,
        0x48C12, 0x0, 0x53F0E, 0x5420A, 0x5410E, 0x0, 0x5440A, 0x0, 0x3, 0x0, 0x54606, 0x54706,
        0x54806, 0x54906, 0x54A06, 0x54B06, 0x54C06, 0x54D06, 0x54E06, 0x54F06, 0x55006, 0x55106, 0x55206, 0x55306,
        0x55406, 0x55506, 0x55606, 0x55706, 0x55806, 0x55906, 0x55A06, 0x55B06, 0x55C06, 0x55D06, 0x55E06, 0x55F06,
        0x56006, 0x56106, 0x56206, 0x56306, 0x56406, 0x56506, 0x56606, 0x56706, 0x56806, 0x56906, 0x56A06, 0x56B06,
        0x56C06, 0x56D06, 0x56E06, 0x56F06, 0x57006, 0x57106, 0x57206, 0x57306, 0x57406, 0x57506, 0x0, 0x57606,
        0x0, 0x57706, 0x57806, 0x57906, 0x0, 0x57A06, 0x0, 0x57B06, 0x0, 0x57C06, 0x0, 0x2C506,
        0x2D706, 0x2C406, 0x2CC06, 0x0, 0x57D06, 0x0, 0x57E06, 0x0, 0x906, 0x1506, 0x57F06, 0x58006,
        0x58106, 0x0, 0x58206, 0x0, 0x58306, 0x0, 0x58406, 0x0, 0x58506, 0x0, 0x58606, 0x0,
        0x58706, 0x0, 0x58806, 0x0, 0x58906, 0x0, 0x58A06, 0x0, 0x58B06, 0x0, 0x58C06, 0x0,
        0x58D06, 0x0, 0x58E06, 0x0, 0x58F06, 0x0, 0x59006, 0x0, 0x59106, 0x0, 0x59206, 0x0,
        0x59306, 0x0, 0x59406, 0x0, 0x59506, 0x0, 0x59606, 0x0, 0x59706, 0x0, 0x59806, 0x0,
        0x59906, 0x0, 0x59A06, 0x0, 0x59B06, 0x0, 0x59C06, 0x0, 0x59D06, 0x0, 0x59E06, 0x0,
        0x59F06, 0x0, 0x5A006, 0x0, 0x5A106, 0x0, 0x5A206, 0x0, 0x5A306, 0x0, 0x5A406, 0x0,
        0x5A506, 0x0, 0x5A606, 0x0, 0x5A706, 0x0, 0x5A806, 0x0, 0x5A906, 0x0, 0x5AA06, 0x0,
        0x5AB06, 0x0, 0x5AC06, 0x0, 0x5AD06, 0x0, 0x5AE06, 0x0, 0x5AF06, 0x0, 0x5B006, 0x0,
        0x5B106, 0x0, 0x5B206, 0x0, 0x5B306, 0x0, 0x5B406, 0x0, 0x5B506, 0x0, 0x3, 0x0,
        0x3, 0x0, 0x3, 0x0, 0x3, 0x0, 0x3, 0x5B606, 0x0, 0x3, 0x0, 0x3,
        0x0, 0x3, 0x0, 0x3, 0x0, 0x3, 0x0, 0x3, 0x0, 0x3, 0x0, 0x3,
        0x0, 0x3, 0x0, 0x3, 0x0, 0x3, 0x0, 0x3, 0x0, 0x5B706, 0x0, 0x5B806,
        0x3, 0x5B906, 0x5BA06, 0x5BB06, 0x5BC06, 0x5BD06, 0x5BE06, 0x5BF06, 0x5C006, 0x5C106, 0x5C206, 0x5C306,
        0x5C406, 0x5C506, 0x5C606, 0x5C706, 0x5C806, 0x5C906, 0x5CA06, 0x5CB06, 0x5CC06, 0x5CD06, 0x5CE06, 0x5CF06,
        0x5D006, 0x5D106, 0x5D206, 0x5D306, 0x5D406, 0x5D506, 0x5D606, 0x5D706, 0x5D806, 0x5D906, 0x5DA06, 0x5DB06,
        0x5DC06, 0x5DD06, 0x5DE06, 0x5DF06, 0x5E006, 0x5E106, 0x5E206, 0x5E306, 0x5E406, 0x5E506, 0x5E606, 0x5E706,
        0x5E806, 0x5E906, 0x5EA06, 0x5EB06, 0x5EC06, 0x5ED06, 0x5EE06, 0x5EF06, 0x5F006, 0x5F106, 0x5F206, 0x5F306,
        0x5F406, 0x5F506, 0x5F606, 0x5F706, 0x5F806, 0x5F906, 0x5FA06, 0x5FB06, 0x5FC06, 0x5FD06, 0x5FE06, 0x5FF06,
        0x60006, 0x60106, 0x60206, 0x60306, 0x60406, 0x60506, 0x60606, 0x60706, 0x60806, 0x60906, 0x60A06, 0x60B06,
        0x60C06, 0x60D06, 0x60E06, 0x60F06, 0x61006, 0x61106, 0x61206, 0x61306, 0x61406, 0x61506, 0x61606, 0x61706,
        0x61806, 0x61906, 0x61A06, 0x61B06, 0x61C06, 0x61D06, 0x61E06, 0x61F06, 0x62006, 0x62106, 0x62206, 0x62306,
        0x62406, 0x62506, 0x62606, 0x62706, 0x62806, 0x62906, 0x62A06, 0x62B06, 0x62C06, 0x62D06, 0x62E06, 0x62F06,
        0x63006, 0x63106, 0x63206, 0x63306, 0x63406, 0x63506, 0x63606, 0x63706, 0x63806, 0x63906, 0x63A06, 0x63B06,
        0x63C06, 0x63D06, 0x63E06, 0x63F06, 0x64006, 0x64106, 0x64206, 0x64306, 0x64406, 0x64506, 0x64606, 0x64706,
        0x64806, 0x64906, 0x64A06, 0x64B06, 0x64C06, 0x64D06, 0x64E06, 0x64F06, 0x65006, 0x65106, 0x65206, 0x65306,
        0x65406, 0x65506, 0x65606, 0x65706, 0x65806, 0x65906, 0x65A06, 0x65B06, 0x65C06, 0x65D06, 0x65E06, 0x65F06,
        0x66006, 0x66106, 0x66206, 0x66306, 0x66406, 0x66506, 0x66606, 0x66706, 0x66806, 0x66906, 0x66A06, 0x66B06,
        0x66C06, 0x66D06, 0x66E06, 0x66F06, 0x67006, 0x67106, 0x67206, 0x67306, 0x67406, 0x67506, 0x67606, 0x67706,
        0x67806, 0x67906, 0x67A06, 0x67B06, 0x67C06, 0x67D06, 0x67E06, 0x67F06, 0x68006, 0x68106, 0x68206, 0x68306,
        0x68406, 0x68506, 0x68606, 0x68706, 0x68806, 0x68906, 0x68A06, 0x68B06, 0x68C06, 0x68D06, 0x68E06, 0x3,
        0x1A06, 0x0, 0x68F06, 0x0, 0x69006, 0x0, 0x5D006, 0x69106, 0x69206, 0x0, 0x3, 0x0,
        0x3, 0x0, 0x6930A, 0x6950A, 0x0, 0x6970A, 0x0, 0x6990A, 0x3, 0x0, 0x3, 0x69B06,
        0x69C06, 0x69D06, 0x69E06, 0x69F06, 0x6A006, 0x6A106, 0x6A206, 0x6A306, 0x6A406, 0x6A506, 0x6A606, 0x6A706,
        0x6A806, 0x6A906, 0x6AA06, 0x6AB06, 0x6AC06, 0x6AD06, 0x6AE06, 0x6AF06, 0x6B006, 0x6B106, 0x6B206, 0x6B306,
        0x6B406, 0x6B506, 0x6B606, 0x6B706, 0x6B806, 0x6B906, 0x6BA06, 0x6BB06, 0x6BC06, 0x6BD06, 0x6BE06, 0x6BF06,
        0x6C006, 0x6C106, 0x6C206, 0x6C306, 0x6C406, 0x6C506, 0x6C606, 0x6C706, 0x6C806, 0x6C906, 0x6CA06, 0x6CB06,
        0x6CC06, 0x6CD06, 0x1, 0x6CE06, 0x6CF06, 0x6D006, 0x6D106, 0x6D206, 0x6D306, 0x6D406, 0x6D506, 0x6D606,
        0x6D706, 0x6D806, 0x6D906, 0x6DA06, 0x6DB06, 0x6DC06, 0x6DD06, 0x6DE06, 0x6DF06, 0x6E006, 0x6E106, 0x6E206,
        0x6E306, 0x6E406, 0x6E506, 0x6E606, 0x6E706, 0x6E806, 0x6E906, 0x6EA06, 0x6EB06, 0x6EC06, 0x6ED06, 0x6EE06,
        0x6EF06, 0x6F006, 0x6F106, 0x6F206, 0x6F306, 0x6F406, 0x6F506, 0x6F606, 0x6F706, 0x3, 0x0, 0x5B906,
        0x5BF06, 0x6F806, 0x6F906, 0x6FA06, 0x6FB06, 0x6FC06, 0x6FD06, 0x5BD06, 0x6FE06, 0x6FF06, 0x70006, 0x70106,
        0x5C106, 0x0, 0x3, 0x0, 0x7020E, 0x7050E, 0x7080E, 0x70B0E, 0x70E0E, 0x7110E, 0x7140E, 0x7170E,
        0x71A0E, 0x71D0E, 0x7200E, 0x7230E, 0x7260E, 0x7290E, 0x72C0E, 0x72F0E, 0x7320E, 0x7350E, 0x7380E, 0x73B0E,
        0x73E0E, 0x7410E, 0x7440E, 0x7470E, 0x74A0E, 0x74D0E, 0x7500E, 0x7530E, 0x7560E, 0x75912, 0x75D12, 0x3,
        0x7610E, 0x7640E, 0x7670E, 0x76A0E, 0x76D0E, 0x7700E, 0x7730E, 0x7760E, 0x7790E, 0x77C0E, 0x77F0E, 0x7820E,
        0x7850E, 0x7880E, 0x78B0E, 0x78E0E, 0x7910E, 0x7940E, 0x7970E, 0x79A0E, 0x79D0E, 0x7A00E, 0x7A30E, 0x7A60E,
        0x7A90E, 0x7AC0E, 0x7AF0E, 0x7B20E, 0x7B50E, 0x7B80E, 0x7BB0E, 0x7BE0E, 0x7C10E, 0x7C40E, 0x7C70E, 0x7CA0E,
        0x7CD06, 0x7CE06, 0x5FB06, 0x7CF06, 0x0, 0x7D00E, 0x4990A, 0x7D30A, 0x1F0A, 0x7D50A, 0x7D70A, 0x7D90A,
        0x7DB0A, 0x7DD0A, 0x7DF0A, 0x7E10A, 0x4520A, 0x44F0A, 0x7E30A, 0x7E50A, 0x7E70A, 0x69B06, 0x69E06, 0x6A106,
        0x6A306, 0x6AB06, 0x6AC06, 0x6AF06, 0x6B106, 0x6B206, 0x6B406, 0x6B506, 0x6B606, 0x6B706, 0x6B806, 0x72D06,
        0x73006, 0x73306, 0x73606, 0x73906, 0x73C06, 0x73F06, 0x74206, 0x74506, 0x74806, 0x74B06, 0x74E06, 0x75106,
        0x75406, 0x7E90A, 0x7EB0A, 0x7ED06, 0x0, 0x5B906, 0x5BF06, 0x6F806, 0x6F906, 0x76E06, 0x77106, 0x77406,
        0x5C406, 0x77A06, 0x5D006, 0x60206, 0x60E06, 0x60D06, 0x60306, 0x65F06, 0x5D806, 0x60006, 0x79506, 0x79806,
        0x79B06, 0x79E06, 0x7A106, 0x7A406, 0x7A706, 0x7AA06, 0x7EE06, 0x7EF06, 0x5DE06, 0x7F006, 0x7F106, 0x7F206,
        0x7F306, 0x7F406, 0x7C506, 0x7F506, 0x7F606, 0x6FA06, 0x6FB06, 0x6FC06, 0x7F706, 0x7F806, 0x7F906, 0x7FA06,
        0x7B306, 0x7B606, 0x7B906, 0x7BC06, 0x7BF06, 0x7FB06, 0x7FC0A, 0x7FE0A, 0x8000A, 0x8020A, 0x8040A, 0x290A,
        0x7D60A, 0x7E60A, 0x8060A, 0x8080A, 0x80A0A, 0x80C0A, 0x80E0A, 0x8100A, 0x8120A, 0x8140A, 0x8160A, 0x8180A,
        0x81A0A, 0x81C0A, 0x81E0A, 0x8200A, 0x8220A, 0x8240A, 0x8260E, 0x8290E, 0x82C0E, 0x82F0A, 0x8310E, 0x8340A,
        0x8360E, 0x83906, 0x83A06, 0x83B06, 0x83C06, 0x83D06, 0x83E06, 0x83F06, 0x84006, 0x84106, 0x69906, 0x84206,
        0x84306, 0x84406, 0x84506, 0x84606, 0x84706, 0x84806, 0x84906, 0x84A06, 0x69A06, 0x84B06, 0x84C06, 0x84D06,
        0x84E06, 0x84F06, 0x85006, 0x85106, 0x85206, 0x85306, 0x85406, 0x85506, 0x85606, 0x85706, 0x85806, 0x85906,
        0x85A06, 0x85B06, 0x85C06, 0x85D06, 0x85E06, 0x85F06, 0x86006, 0x86106, 0x86206, 0x86306, 0x86406, 0x86506,
        0x8660A, 0x86812, 0x86C12, 0x87012, 0x8740E, 0x87712, 0x87B0E, 0x87E0E, 0x88116, 0x88612, 0x88A0E, 0x88D0E,
        0x8900E, 0x89312, 0x89712, 0x89B0E, 0x89E0E, 0x8A10A, 0x8A30E, 0x8A612, 0x8AA12, 0x8AE0A, 0x8B016, 0x8B51A,
        0x8BB16, 0x8B20E, 0x8C016, 0x8C516, 0x8CA12, 0x8CE0E, 0x8D10E, 0x8D40E, 0x8D712, 0x8DB16, 0x8E012, 0x8E40E,
        0x8E70E, 0x8EA0E, 0x8ED0A, 0x8EF0A, 0x8C30A, 0x8F10A, 0x8F30E, 0x8F60E, 0x8F916, 0x8FE0E, 0x90112, 0x90516,
        0x90A0E, 0x90D0A, 0x90F0A, 0x91116, 0x91612, 0x91A16, 0x91F0E, 0x92216, 0x9270A, 0x9290E, 0x92C0E, 0x92F0E,
        0x9320E, 0x9350E, 0x93812, 0x93C0E, 0x93F0A, 0x9410E, 0x9440E, 0x9470E, 0x94A12, 0x94E0E, 0x9510E, 0x9540E,
        0x95716, 0x95C12, 0x9600A, 0x96216, 0x9670A, 0x96912, 0x8B712, 0x96D0E, 0x9700E, 0x9730E, 0x97612, 0x97A0A,
        0x97C0E, 0x97F12, 0x9830A, 0x98516, 0x8BD0E, 0x98A0A, 0x98C0A, 0x98E0A, 0x9900A, 0x9920A, 0x9940A, 0x9960A,
        0x9980A, 0x99A0A, 0x99C0A, 0x99E0E, 0x9A10E, 0x9A40E, 0x9A70E, 0x9AA0E, 0x9AD0E, 0x9B00E, 0x9B30E, 0x9B60E,
        0x9B90E, 0x9BC0E, 0x9BF0E, 0x9C20E, 0x9C50E, 0x9C80E, 0x9CB0E, 0x9CE0A, 0x9D00A, 0x9D20E, 0x9D50A, 0x9D70A,
        0x9D90A, 0x9DB0E, 0x9DE0E, 0x9E10A, 0x9E30A, 0x9E50A, 0x9E70A, 0x9E90A, 0x9EB12, 0x9CC0A, 0x9EF0A, 0x9F10A,
        0x9F30A, 0x9F50A, 0x9F70A, 0x9F90A, 0x9FB0A, 0x9FD0E, 0xA0012, 0xA040A, 0xA060A, 0xA080A, 0xA0A0A, 0xA0C0A,
        0xA0E0A, 0xA100A, 0xA120E, 0xA150E, 0xA0F0E, 0xA180E, 0xA1B0A, 0xA1D0A, 0xA1F0A, 0xA0A, 0xA210A, 0xA230A,
        0xA250A, 0xA270A, 0xA290A, 0xA2B0A, 0xA2D0E, 0xA300E, 0x9DC0A, 0xA330E, 0xA360E, 0xA390E, 0x9DF0A, 0xA3C0E,
        0xA3F0E, 0xA4212, 0x9CC0A, 0xA460E, 0xA490E, 0xA4C0E, 0xA4F0E, 0xA5216, 0xA571A, 0xA5D0A, 0xA5F0A, 0xA610A,
        0xA630A, 0xA650A, 0xA670A, 0xA690A, 0xA6B0A, 0xA6D0A, 0xA6B0A, 0xA6F0A, 0xA710A, 0xA730A, 0xA750A, 0xA770A,
        0xA750A, 0xA790A, 0xA7B0A, 0x3, 0xA7D0A, 0x42A0A, 0x20A, 0xA7F12, 0x3, 0xA830A, 0xA850A, 0xA870A,
        0x9CB0A, 0xA890A, 0xA8B0A, 0xA2B0A, 0xA8D0A, 0xB0A, 0xA8F0A, 0xA910E, 0xA940A, 0x9F90A, 0xA960E, 0xA990E,
        0xA9C0A, 0x3, 0xA9E0E, 0xAA10A, 0xA560A, 0xAA30A, 0xAA50A, 0xAA70E, 0xAAA0E, 0xAAD0A, 0xAAF0A, 0xAB10A,
        0xAB30A, 0xAB50A, 0xAB70A, 0xAB90A, 0xABB0A, 0xABD0A, 0xABF0E, 0xAC20E, 0xAC50E, 0xAC80E, 0xACB0E, 0xACE0E,
        0xAD10E, 0xAD40E, 0xAD70E, 0xADA0E, 0xADD0E, 0xAE00E, 0xAE30E, 0xAE60E, 0xAE90E, 0xAEC0E, 0xAEF0E, 0xAF20E,
        0xAF50E, 0xAF80E, 0xAFB0E, 0xAFE0E, 0xB010E, 0x0, 0x3, 0x0, 0x3, 0x0, 0x3, 0xB0406,
        0x0, 0xB0506, 0x0, 0xB0606, 0x0, 0xB0706, 0x0, 0xB0806, 0x0, 0x29506, 0x0, 0xB0906,
        0x0, 0xB0A06, 0x0, 0xB0B06, 0x0, 0xB0C06, 0x0, 0xB0D06, 0x0, 0xB0E06, 0x0, 0xB0F06,
        0x0, 0xB1006, 0x0, 0xB1106, 0x0, 0xB1206, 0x0, 0xB1306, 0x0, 0xB1406, 0x0, 0xB1506,
        0x0, 0xB1606, 0x0, 0xB1706, 0x0, 0xB1806, 0x0, 0xB1906, 0x0, 0xB1A06, 0x0, 0xB1B06,
        0x0, 0xB1C06, 0x0, 0xB1D06, 0x0, 0xB1E06, 0x0, 0xB1F06, 0x0, 0xB2006, 0x0, 0xB2106,
        0x0, 0xB2206, 0x0, 0xB2306, 0x0, 0xB2406, 0x0, 0xB2506, 0x0, 0xB2606, 0x0, 0xB2706,
        0x0, 0x17706, 0x17906, 0x0, 0x3, 0x0, 0xB2806, 0x0, 0xB2906, 0x0, 0xB2A06, 0x0,
        0xB2B06, 0x0, 0xB2C06, 0x0, 0xB2D06, 0x0, 0xB2E06, 0x0, 0xB2F06, 0x0, 0xB3006, 0x0,
        0xB3106, 0x0, 0xB3206, 0x0, 0xB3306, 0x0, 0xB3406, 0x0, 0xB3506, 0x0, 0xB3606, 0x0,
        0xB3706, 0x0, 0xB3806, 0x0, 0xB3906, 0x0, 0xB3A06, 0x0, 0xB3B06, 0x0, 0xB3C06, 0x0,
        0xB3D06, 0x0, 0xB3E06, 0x0, 0xB3F06, 0x0, 0xB4006, 0x0, 0xB4106, 0x0, 0xB4206, 0x0,
        0xB4306, 0x0, 0xB4406, 0x0, 0xB4506, 0x0, 0xB4606, 0x0, 0xB4706, 0x0, 0xB4806, 0x0,
        0xB4906, 0x0, 0xB4A06, 0x0, 0xB4B06, 0x0, 0xB4C06, 0x0, 0xB4D06, 0x0, 0xB4D06, 0x0,
        0xB4E06, 0x0, 0xB4F06, 0x0, 0xB5006, 0xB5106, 0x0, 0xB5206, 0x0, 0xB5306, 0x0, 0xB5406,
        0x0, 0xB5506, 0x0, 0xB5606, 0x0, 0x2D006, 0x0, 0xB5706, 0x0, 0xB5806, 0x0, 0xB5906,
        0x0, 0xB5A06, 0x0, 0xB5B06, 0x0, 0xB5C06, 0x0, 0xB5D06, 0x0, 0xB5E06, 0x0, 0xB5F06,
        0x0, 0xB6006, 0x0, 0xB6106, 0x0, 0xB6206, 0x0, 0xFB06, 0x2C706, 0x2CF06, 0xB6306, 0x2D106,
        0x0, 0xB6406, 0xB6506, 0x2D306, 0xB6606, 0xB6706, 0x0, 0xB6806, 0x0, 0xB6906, 0x0, 0xB6A06,
        0x0, 0xB6B06, 0x0, 0xB6C06, 0x0, 0xB6D06, 0x0, 0xB6E06, 0x0, 0xB6F06, 0x2DC06, 0xB7006,
        0xB7106, 0x0, 0xB7206, 0x0, 0xB7306, 0xB7406, 0x0, 0xB7506, 0x0, 0xB7606, 0x0, 0xB7706,
        0x0, 0xB7806, 0x0, 0xB7906, 0x0, 0xB7A06, 0x0, 0xB7B06, 0x0, 0xB7C06, 0x3, 0x1206,
        0x206, 0x506, 0x1006, 0xB7D06, 0x0, 0x6106, 0x7906, 0x0, 0x3, 0x0, 0x3, 0x0,
        0x3, 0x0, 0x3, 0x0, 0x3, 0x0, 0x3, 0x0, 0x3, 0x0, 0x3, 0x0,
        0x3, 0x0, 0x3, 0x0, 0x3, 0x0, 0x3, 0x0, 0x3, 0x0, 0x3, 0x0,
        0x3, 0x0, 0x3, 0x0, 0x3, 0x0, 0x3, 0x0, 0x3, 0x0, 0x3, 0x0,
        0xB2A06, 0xB7E06, 0x57706, 0xB7F06, 0x0, 0xB8006, 0x0, 0x3, 0xB8106, 0xB8206, 0xB8306, 0xB8406,
        0xB8506, 0xB8606, 0xB8706, 0xB8806, 0xB8906, 0xB8A06, 0xB8B06, 0xB8C06, 0xB8D06, 0xB8E06, 0xB8F06, 0xB9006,
        0xB9106, 0xB9206, 0xB9306, 0xB9406, 0xB9506, 0xB9606, 0xB9706, 0xB9806, 0xB9906, 0xB9A06, 0xB9B06, 0xB9C06,
        0xB9D06, 0xB9E06, 0xB9F06, 0xBA006, 0xBA106, 0xBA206, 0xBA306, 0xBA406, 0xBA506, 0xBA606, 0xBA706, 0xBA806,
        0xBA906, 0xBAA06, 0xBAB06, 0xBAC06, 0xBAD06, 0xBAE06, 0xBAF06, 0xBB006, 0xBB106, 0xBB206, 0xBB306, 0xBB406,
        0xBB506, 0xBB606, 0xBB706, 0xBB806, 0xBB906, 0xBBA06, 0xBBB06, 0xBBC06, 0xBBD06, 0xBBE06, 0xBBF06, 0xBC006,
        0xBC106, 0xBC206, 0xBC306, 0xBC406, 0xBC506, 0xBC606, 0xBC706, 0xBC806, 0xBC906, 0xBCA06, 0xBCB06, 0xBCC06,
        0xBCD06, 0xBCE06, 0xBCF06, 0xBD006, 0x0, 0x3, 0x0, 0x3, 0x0, 0x3, 0x0, 0x3,
        0x0, 0x3, 0xBD106, 0xBD206, 0x65706, 0xBD306, 0xBD406, 0xBD506, 0xBD606, 0x68D06, 0xBD706, 0x65F06,
        0xBD806, 0xBD906, 0xBDA06, 0xBDB06, 0xBDC06, 0xBDD06, 0xBDE06, 0xBDF06, 0xBE006, 0xBE106, 0xBE206, 0xBE306,
        0xBE406, 0xBE506, 0xBE606, 0xBE706, 0xBE806, 0xBE906, 0xBEA06, 0xBEB06, 0xBEC06, 0xBED06, 0xBEE06, 0xBEF06,
        0xBF006, 0xBF106, 0xBF206, 0xBF306, 0xBF406, 0xBF506, 0xBF606, 0xBF706, 0xBF806, 0xBF906, 0xBFA06, 0xBFB06,
        0xBFC06, 0xBFD06, 0xBFE06, 0xBFF06, 0xC0006, 0x63506, 0xC0106, 0xC0206, 0xC0306, 0xC0406, 0xC0506, 0xC0606,
        0xC0706, 0xC0806, 0xC0906, 0xC0A06, 0xC0B06, 0x67E06, 0xC0C06, 0xC0D06, 0xC0E06, 0xC0F06, 0xC1006, 0xC1106,
        0xC1206, 0xC1306, 0xC1406, 0xC1506, 0xC1606, 0xC1706, 0xC1806, 0xC1906, 0xC1A06, 0xC1B06, 0xC1C06, 0xC1D06,
        0xC1E06, 0xC1F06, 0xC2006, 0xC2106, 0xC2206, 0xC2306, 0xC2406, 0xC2506, 0xC2606, 0xBE106, 0xC2706, 0xC2806,
        0xC2906, 0xC2A06, 0xC2B06, 0xC2C06, 0xC2D06, 0xC2E06, 0xC2F06, 0xC3006, 0xC3106, 0xC3206, 0xC3306, 0xC3406,
        0xC3506, 0xC3606, 0xC3706, 0xC3806, 0xC3906, 0xC3A06, 0x65906, 0xC3B06, 0xC3C06, 0xC3D06, 0xC3E06, 0xC3F06,
        0xC4006, 0xC4106, 0xC4206, 0xC4306, 0xC4406, 0xC4506, 0xC4606, 0xC4706, 0xC4806, 0xC4906, 0x5DE06, 0xC4A06,
        0xC4B06, 0xC4C06, 0xC4D06, 0xC4E06, 0xC4F06, 0xC5006, 0xC5106, 0x5CB06, 0xC5206, 0xC5306, 0xC5406, 0xC5506,
        0xC5606, 0xC5706, 0xC5806, 0xC5906, 0xC5A06, 0xC5B06, 0xC5C06, 0xC5D06, 0xC5E06, 0xC5F06, 0xC6006, 0xC6106,
        0xC6206, 0xC6306, 0xC6406, 0xC6506, 0xC6606, 0xC6706, 0xC3906, 0xC6806, 0xC6906, 0xC6A06, 0xC6B06, 0xC6C06,
        0xC6D06, 0x86606, 0xC6E06, 0xC2906, 0xC6F06, 0xC7006, 0xC7106, 0xC7206, 0xC7306, 0xC7406, 0xC7506, 0xC7606,
        0xC7706, 0xC7806, 0xC7906, 0xC7A06, 0xC7B06, 0xC7C06, 0xC7D06, 0xC7E06, 0xC7F06, 0xC8006, 0xC8106, 0xC8206,
        0xBE106, 0xC8306, 0xC8406, 0xC8506, 0xC8606, 0x68C06, 0xC8706, 0xC8806, 0xC8906, 0xC8A06, 0xC8B06, 0xC8C06,
        0xC8D06, 0xC8E06, 0xC8F06, 0xC9006, 0xC9106, 0xC9206, 0x77106, 0xC9306, 0xC9406, 0xC9506, 0xC9606, 0xC9706,
        0xC9806, 0xC9906, 0xC9A06, 0xC9B06, 0xC2B06, 0xC9C06, 0xC9D06, 0xC9E06, 0xC9F06, 0xCA006, 0xCA106, 0xCA206,
        0xCA306, 0xCA406, 0xCA506, 0xCA606, 0xCA706, 0xCA806, 0x65E06, 0xCA906, 0xCAA06, 0xCAB06, 0xCAC06, 0xCAD06,
        0xCAE06, 0xCAF06, 0xCB006, 0xCB106, 0xCB206, 0xCB306, 0xCB406, 0xCB506, 0x62D06, 0xCB606, 0xCB706, 0xCB806,
        0xCB906, 0xCBA06, 0xCBB06, 0xCBC06, 0xCBD06, 0xCBE06, 0xCBF06, 0xCC006, 0xCC106, 0xCC206, 0xCC306, 0xCC406,
        0xCC506, 0x64806, 0xCC606, 0x64B06, 0xCC706, 0xCC806, 0xCC906, 0x0, 0xCCA06, 0x0, 0xCCB06, 0x0,
        0xCCC06, 0xCCD06, 0xCCE06, 0xCCF06, 0xCD006, 0xCD106, 0xCD206, 0xCD306, 0xCD406, 0x63406, 0x0, 0xCD506,
        0x0, 0xCD606, 0x0, 0xCD706, 0xCD806, 0x0, 0xCD906, 0xCDA06, 0xCDB06, 0xCDC06, 0xCDD06, 0xCDE06,
        0xCDF06, 0xCE006, 0xCE106, 0xCE206, 0xCE306, 0xCE406, 0xCE506, 0xCE606, 0xCE706, 0xCE806, 0xCE906, 0xCEA06,
        0x5E506, 0xCEB06, 0xCEC06, 0xCED06, 0xCEE06, 0xCEF06, 0xCF006, 0xCF106, 0xCF206, 0xCF306, 0xCF406, 0xCF506,
        0xCF606, 0xCF706, 0xCF806, 0xCF906, 0x79B06, 0xCFA06, 0xCFB06, 0xCFC06, 0xCFD06, 0x7A706, 0xCFE06, 0xCFF06,
        0xD0006, 0xD0106, 0xD0206, 0xC5D06, 0xD0306, 0xD0406, 0xD0506, 0xD0606, 0xD0706, 0xD0806, 0xD0906, 0xD0A06,
        0xD0B06, 0xD0C06, 0xD0D06, 0xD0E06, 0xD0F06, 0xD1006, 0xCD706, 0xD1106, 0xD1206, 0xD1306, 0xD1406, 0xD150A,
        0xD1706, 0x3, 0xD1806, 0xD1906, 0xD1A06, 0xD1B06, 0xD1C06, 0xD1D06, 0xD1E06, 0xD1F06, 0xCE506, 0xD2006,
        0xD2106, 0xD2206, 0xCCA06, 0xD2306, 0xD2406, 0xD2506, 0xD2606, 0xD2706, 0xD2806, 0xD2906, 0xD2A06, 0xD2B06,
        0xD2C06, 0xD2D06, 0xD2E06, 0xCED06, 0xD2F06, 0xCEE06, 0xD3006, 0xD3106, 0xD3206, 0xD3306, 0xD3406, 0xCCB06,
        0xBF606, 0xD3506, 0xD3606, 0x60606, 0xC3A06, 0xC8C06, 0xD3706, 0xD3806, 0xCF506, 0xD3906, 0xCF606, 0xD3A06,
        0xD3B06, 0xD3C06, 0xCCD06, 0xD3D06, 0xD3E06, 0xD3F06, 0xD4006, 0xD4106, 0xCCE06, 0xD4206, 0xD4306, 0xD4406,
        0xD4506, 0xD4606, 0xD4706, 0xD0206, 0xD4806, 0xD4906, 0xC5D06, 0xD4A06, 0xD0606, 0xD4B06, 0xD4C06, 0xD4D06,
        0xD4E06, 0xD4F06, 0xD0B06, 0xD5006, 0xCD606, 0xD5106, 0xD0C06, 0xC2706, 0xD5206, 0xD0D06, 0xD5306, 0xD0F06,
        0xD5406, 0xD5506, 0xD5606, 0xD5706, 0xD5806, 0xD1106, 0xCD306, 0xD5906, 0xD1206, 0xD5A06, 0xD1306, 0xD5B06,
        0x68D06, 0xD5C0A, 0xD5E0A, 0xD600A, 0xD6206, 0xD6306, 0xD6406, 0xD650A, 0xD670A, 0xD690A, 0xD6B06, 0xD6C06,
        0x3, 0xD6D0A, 0xD6F0A, 0xD710A, 0xD6E0E, 0xD730E, 0x120A, 0x3, 0xD760A, 0xD780A, 0xD7A0A, 0xD7C0A,
        0xD7E0A, 0x3, 0xD800A, 0x0, 0xD820A, 0xD8406, 0x43B06, 0x43E06, 0xD8506, 0xD8606, 0xD8706, 0xD8806,
        0xD8906, 0xD8A06, 0x41E06, 0xD8B0A, 0xD8D0A, 0xD8F0E, 0xD920E, 0xD950A, 0xD970A, 0xD990A, 0xD9B0A, 0xD9D0A,
        0xD9F0A, 0xDA10A, 0xDA30A, 0xDA50A, 0x3, 0xDA70A, 0xDA90A, 0xDAB0A, 0xDAD0A, 0xDAF0A, 0x3, 0xDB10A,
        0x3, 0xDB30A, 0xDB50A, 0x3, 0xDB70A, 0xDB90A, 0x3, 0xDBB0A, 0xDBD0A, 0xDBF0A, 0xD8F0A, 0xDC10A,
        0xDC30A, 0xDC50A, 0xDC70A, 0xDC90A, 0xDCB0A, 0xDCD06, 0xDCE06, 0xDCF06, 0xDD006, 0xDD106, 0xDD206, 0xDD306,
        0xDD406, 0xDD506, 0xDD606, 0xDD706, 0xDD806, 0xDD906, 0xDDA06, 0xDDB06, 0xDDC06, 0xDDD06, 0xDDE06, 0xDDF06,
        0xDE006, 0xDE106, 0xDE206, 0xDE306, 0xDE406, 0xDE506, 0xDE606, 0xDE706, 0xDE806, 0xDE906, 0xDEA06, 0x0,
        0xDEB06, 0x20D06, 0xDEC06, 0xDED06, 0x20D0A, 0xDEE06, 0xDEF06, 0xDF006, 0xDF106, 0xDF206, 0xDF30A, 0xDF50A,
        0xDF70A, 0xDF90A, 0xDFB0A, 0xDFD0A, 0xDFF0A, 0xE010A, 0xE0306, 0xE040A, 0xE060A, 0xE080A, 0xE010A, 0xE0A0A,
        0xE0C0A, 0xE0E0A, 0xE100A, 0xE120A, 0xE140A, 0xE160A, 0xE180A, 0xE1A0A, 0xE1C0A, 0xE1E0A, 0xE200A, 0xE220A,
        0xE240A, 0xE260A, 0xE280A, 0xE2A0A, 0xE2C0A, 0xE2E0A, 0xE2D0A, 0xE300A, 0xE320A, 0xE340A, 0xE360A, 0xE380A,
        0xE3A0A, 0xE3C0A, 0xE3E0A, 0xE400A, 0xE420A, 0xE440A, 0xE460A, 0xE480A, 0xE4A0A, 0xE4C0A, 0xE4E0A, 0xE500A,
        0xE520A, 0xE540A, 0xE560A, 0xE580A, 0xE5A0A, 0xE5C0A, 0xE5E0A, 0xE600A, 0xE620A, 0xE640A, 0xE660A, 0xE680A,
        0xE6A0A, 0xE6C0A, 0xE6E0A, 0xE700A, 0xE720A, 0xE740A, 0xE760A, 0xE780A, 0xE7A0A, 0xE7C0A, 0xE7E0A, 0xE800A,
        0xE820A, 0xE840A, 0xE860A, 0xE880A, 0xE8A0A, 0xE2F0A, 0xE310A, 0xE8C0A, 0xE8E0A, 0xE900A, 0xE920A, 0xE940A,
        0xE960A, 0xE980A, 0xE9A0A, 0xE9C0A, 0xE9E0A, 0xEA00A, 0xEA20A, 0xEA40A, 0xE2B0A, 0xEA60A, 0xEA80A, 0xE890A,
        0xEAA0A, 0xEA50A, 0xEAC0A, 0xEAE0A, 0xEB00A, 0xEB20E, 0xEB50E, 0xEB80E, 0xEBB0E, 0xEBE0E, 0xEC10E, 0xEC40A,
        0xEC60A, 0xE080A, 0xEC80A, 0xE010A, 0xE0A0A, 0xECA0A, 0xECC0A, 0xE120A, 0xECE0A, 0xE140A, 0xE160A, 0xED00A,
        0xED20A, 0xE1E0A, 0xED40A, 0xE200A, 0xE220A, 0xED60A, 0xED80A, 0xE260A, 0xEDA0A, 0xE280A, 0xE2A0A, 0xE620A,
        0xE640A, 0xE6A0A, 0xE6C0A, 0xE6E0A, 0xE760A, 0xE780A, 0xE7A0A, 0xE7C0A, 0xE840A, 0xE860A, 0xE880A, 0xEDC0A,
        0xE8C0A, 0xEDE0A, 0xEE00A, 0xE980A, 0xEE20A, 0xE9A0A, 0xE9C0A, 0xEB00A, 0xEE40A, 0xEE60A, 0xE890A, 0xE910A,
        0xEAA0A, 0xEA50A, 0xE040A, 0xE060A, 0xEE80A, 0xE080A, 0xEEA0A, 0xE0C0A, 0xE0E0A, 0xE100A, 0xE120A, 0xEEC0A,
        0xE180A, 0xE1A0A, 0xE1C0A, 0xE1E0A, 0xEEE0A, 0xE260A, 0xE2C0A, 0xE2E0A, 0xE2D0A, 0xE300A, 0xE320A, 0xE360A,
        0xE380A, 0xE3A0A, 0xE3C0A, 0xE3E0A, 0xE400A, 0xEF00A, 0xE420A, 0xE440A, 0xE460A, 0xE480A, 0xE4A0A, 0xE4C0A,
        0xE500A, 0xE520A, 0xE540A, 0xE560A, 0xE580A, 0xE5A0A, 0xE5C0A, 0xE5E0A, 0xE600A, 0xE660A, 0xE680A, 0xE700A,
        0xE720A, 0xE740A, 0xE760A, 0xE780A, 0xE7E0A, 0xE800A, 0xE820A, 0xE840A, 0xEF20A, 0xE8A0A, 0xE2F0A, 0xE310A,
        0xE8C0A, 0xE920A, 0xE940A, 0xE960A, 0xE980A, 0xEF40A, 0xE9E0A, 0xEA00A, 0xEF60A, 0xE2B0A, 0xEA60A, 0xEA80A,
        0xE890A, 0xE9D0A, 0xE080A, 0xEEA0A, 0xE120A, 0xEEC0A, 0xE1E0A, 0xEEE0A, 0xE260A, 0xEF80A, 0xE3E0A, 0xEFA0A,
        0xEFC0A, 0xEFE0A, 0xE760A, 0xE780A, 0xE840A, 0xE980A, 0xEF40A, 0xE890A, 0xE9D0A, 0xF000E, 0xF030E, 0xF060E,
        0xF090A, 0xF0B0A, 0xF0D0A, 0xF0F0A, 0xF110A, 0xF130A, 0xF150A, 0xF170A, 0xF190A, 0xF1B0A, 0xF1D0A, 0xEA70A,
        0xF1F0A, 0xF210A, 0xF230A, 0xEA90A, 0xF250A, 0xF270A, 0xF290A, 0xF2B0A, 0xF2D0A, 0xF2F0A, 0xF310A, 0xEFC0A,
        0xF330A, 0xF350A, 0xF370A, 0xF390A, 0xF090A, 0xF0B0A, 0xF0D0A, 0xF0F0A, 0xF110A, 0xF130A, 0xF150A, 0xF170A,
        0xF190A, 0xF1B0A, 0xF1D0A, 0xEA70A, 0xF1F0A, 0xF210A, 0xF230A, 0xEA90A, 0xF250A, 0xF270A, 0xF290A, 0xF2B0A,
        0xF2D0A, 0xF2F0A, 0xF310A, 0xEFC0A, 0xF330A, 0xF350A, 0xF370A, 0xF390A, 0xF2D0A, 0xF2F0A, 0xF310A, 0xEFC0A,
        0xEFA0A, 0xEFE0A, 0xE4E0A, 0xE380A, 0xE3A0A, 0xE3C0A, 0xF2D0A, 0xF2F0A, 0xF310A, 0xE4E0A, 0xE500A, 0xF3B0A,
        0x0, 0xF3D0E, 0xF400E, 0xF430E, 0xF460E, 0xF490E, 0xF4C0E, 0xF4F0E, 0xE2E0E, 0xF520E, 0xF550E, 0xF580E,
        0xF5B0E, 0xF5E0E, 0xF610E, 0xF640E, 0xF670E, 0xF6A0E, 0xF6D0E, 0xF700E, 0xF730E, 0xF760E, 0xF790E, 0xF7C0E,
        0xF7F0E, 0xF820E, 0xF850E, 0xF880E, 0xF8B0E, 0xF8E0E, 0xF910E, 0xF940E, 0xF970E, 0xF9A0E, 0xF9D0E, 0xFA00E,
        0xFA30E, 0xFA60E, 0xFA90E, 0xFAC0E, 0xFAF0E, 0xFB20E, 0xFB50E, 0xFB80E, 0xE2F0E, 0xFBB0E, 0xFBE0E, 0xE8A0E,
        0xE310E, 0xFC10E, 0x0, 0xFC40E, 0xFC70E, 0xFCA0E, 0xFCD0E, 0xFD00E, 0xFD30E, 0xFD60E, 0xFD90E, 0xFDC0E,
        0xFDF0E, 0xFE20E, 0xFE50E, 0xFE80E, 0xFEB0E, 0xFEE0E, 0xFF10E, 0xFF40E, 0xFF70E, 0xFFA0E, 0xFFD0E, 0x10000E,
        0x10030E, 0x10060E, 0x10090E, 0x100C0E, 0x100F0E, 0xEA60E, 0x10120E, 0x10150E, 0x10180E, 0x101B0E, 0x101E0E, 0xFA00E,
        0xFA60E, 0x10210E, 0x10240E, 0x10270E, 0x102A0E, 0x102D0E, 0x10300E, 0x102D0E, 0x10270E, 0x10330E, 0x10360E, 0x10390E,
        0x103C0E, 0x103F0E, 0x10300E, 0xF8B0E, 0xF6D0E, 0x10420E, 0x10450E, 0x0, 0x3, 0x10480E, 0x104B0E, 0x104E12,
        0x105212, 0x105612, 0x105A12, 0x105E12, 0x106212, 0x106612, 0x106A0E, 0x106D4A, 0x107F22, 0x108712, 0x0, 0x1,
        0x108B06, 0x108C06, 0x3, 0x53F06, 0x11706, 0x40E06, 0x41206, 0x108D06, 0x108E06, 0x3, 0x0, 0x3,
        0x108F06, 0x109006, 0x109106, 0x42106, 0x42206, 0x109206, 0x109306, 0x109406, 0x109506, 0x109606, 0x109706, 0x109806,
        0x109906, 0x49606, 0x49706, 0x109A06, 0x109B06, 0x109C06, 0x109D06, 0x0, 0x109E06, 0x109F06, 0x4100A, 0x109106,
        0x108B06, 0x108C06, 0x3, 0x11706, 0x53F06, 0x41206, 0x40E06, 0x108F06, 0x42106, 0x42206, 0x109206, 0x109306,
        0x109406, 0x109506, 0x10A006, 0x10A106, 0x10A206, 0x41E06, 0x10A306, 0x10A406, 0x10A506, 0x42006, 0x3, 0x10A606,
        0x10A706, 0x10A806, 0x10A906, 0x3, 0x10AA0A, 0x10AC0A, 0xEB20A, 0x0, 0xEB50A, 0x3, 0xEB80A, 0xF000A,
        0xEBB0A, 0xF030A, 0xEBE0A, 0xF060A, 0xEC10A, 0x10AE0A, 0x10B00A, 0x10B20A, 0x10B406, 0x10B506, 0x10B606, 0x10B706,
        0x10B806, 0xDF306, 0x20906, 0xE0C06, 0x10B906, 0xE1806, 0xE2406, 0xE0506, 0xE0706, 0xE1106, 0x105906, 0xEAC06,
        0xEAE06, 0xEC706, 0xE3806, 0xEFC06, 0xE4006, 0xE4406, 0xE4C06, 0xE5006, 0xE5206, 0xE5606, 0xE5A06, 0xE6606,
        0xE6E06, 0xE7706, 0xE0906, 0xE9206, 0xE9E06, 0x20B06, 0xDF206, 0x20F06, 0x10BA0A, 0x10BC0A, 0x10BE0A, 0x10830A,
        0x3, 0x1, 0x3, 0x40E06, 0x10C006, 0x10A006, 0x10A706, 0x10A806, 0x10A106, 0x10C106, 0x42106, 0x42206,
        0x10A206, 0x41E06, 0x108B06, 0x10A306, 0x68F06, 0x42406, 0x41806, 0x2606, 0x1F06, 0x2006, 0x2906, 0x41906,
        0x41A06, 0x41B06, 0x41C06, 0x41D06, 0x53F06, 0x11706, 0x10A406, 0x42006, 0x10A506, 0x41206, 0x10A906, 0x6,
        0x106, 0x206, 0x306, 0x406, 0x506, 0x606, 0x706, 0x806, 0x906, 0xA06, 0xB06, 0xC06,
        0xD06, 0xE06, 0xF06, 0x1006, 0x1106, 0x1206, 0x1306, 0x1406, 0x1506, 0x1606, 0x1706, 0x1806,
        0x1906, 0x109E06, 0x10A606, 0x109F06, 0x10C206, 0x109106, 0x3F706, 0x6, 0x106, 0x206, 0x306, 0x406,
        0x506, 0x606, 0x706, 0x806, 0x906, 0xA06, 0xB06, 0xC06, 0xD06, 0xE06, 0xF06, 0x1006,
        0x1106, 0x1206, 0x1306, 0x1406, 0x1506, 0x1606, 0x1706, 0x1806, 0x1906, 0x109206, 0x10C306, 0x109306,
        0x10C406, 0x10C506, 0x10C606, 0x68F06, 0x109A06, 0x109B06, 0x108C06, 0x10C706, 0x86506, 0x86F06, 0x91706, 0x10C806,
        0x91D06, 0x87F06, 0x10C906, 0x8A706, 0x95A06, 0x89506, 0x86A06, 0x83906, 0x83A06, 0x83B06, 0x83C06, 0x83D06,
        0x83E06, 0x83F06, 0x84006, 0x84106, 0x69906, 0x84206, 0x84306, 0x84406, 0x84506, 0x84606, 0x84706, 0x84806,
        0x84906, 0x84A06, 0x69A06, 0x84B06, 0x84C06, 0x84D06, 0x84E06, 0x84F06, 0x85006, 0x85106, 0x85206, 0x85306,
        0x85406, 0x85506, 0x85606, 0x85706, 0x85806, 0x85906, 0x85A06, 0x85B06, 0x85C06, 0x85D06, 0x85E06, 0x85F06,
        0x86006, 0x86106, 0x86206, 0x87106, 0x69406, 0x69606, 0x1, 0x69B06, 0x69C06, 0x69D06, 0x69E06, 0x69F06,
        0x6A006, 0x6A106, 0x6A206, 0x6A306, 0x6A406, 0x6A506, 0x6A606, 0x6A706, 0x6A806, 0x6A906, 0x6AA06, 0x6AB06,
        0x6AC06, 0x6AD06, 0x6AE06, 0x6AF06, 0x6B006, 0x6B106, 0x6B206, 0x6B306, 0x6B406, 0x6B506, 0x6B606, 0x6B706,
        0x6B806, 0x3, 0x6B906, 0x6BA06, 0x6BB06, 0x6BC06, 0x6BD06, 0x6BE06, 0x3, 0x6BF06, 0x6C006, 0x6C106,
        0x6C206, 0x6C306, 0x6C406, 0x3, 0x6C506, 0x6C606, 0x6C706, 0x6C806, 0x6C906, 0x6CA06, 0x3, 0x6CB06,
        0x6CC06, 0x6CD06, 0x3, 0x10CA06, 0x10CB06, 0x10CC06, 0x1D0A, 0x10CD06, 0x10CE06, 0x10CF06, 0x3, 0x10D006,
        0x10D106, 0x10D206, 0x10D306, 0x10D406, 0x10D506, 0x10D606, 0x3, 0x0, 0x3, 0x0, 0x3, 0x0,
        0x3, 0x0, 0x3, 0x0, 0x3, 0x0, 0x3, 0x0, 0x3, 0x0, 0x3, 0x0,
        0x3, 0x0, 0x3, 0x0, 0x3, 0x0, 0x3, 0x0, 0x3, 0x0, 0x3, 0x0,
        0x3, 0x0, 0x3, 0x0, 0x3, 0x0, 0x3, 0x0, 0x3, 0x0, 0x3, 0x0,
        0x3, 0x0, 0x3, 0x10D70A, 0x10D90A, 0x10DB0A, 0x10DD0A, 0x10DF0A, 0x10E10A, 0x10E30A, 0x10E50A, 0x10E70A,
        0x10E90A, 0x10EB0A, 0x10ED0A, 0x10EF0A, 0x10F10A, 0x10F30A, 0x10F50A, 0x10F70A, 0x10F90A, 0x10FB0A, 0x10FD0A, 0x10FF0A,
        0x11010A, 0x11030A, 0x11050A, 0x11070A, 0x11090A, 0x110B0A, 0x110D0A, 0x110F0A, 0x11110A, 0x11130A, 0x11150A, 0x11170A,
        0x11190A, 0x111B0A, 0x111D0A, 0x111F0A, 0x11210A, 0x11230A, 0x11250A, 0x0, 0x3, 0x0, 0x3, 0x11270A,
        0x11290A, 0x112B0A, 0x112D0A, 0x112F0A, 0x11310A, 0x11330A, 0x11350A, 0x11370A, 0x11390A, 0x113B0A, 0x113D0A, 0x113F0A,
        0x11410A, 0x11430A, 0x11450A, 0x11470A, 0x11490A, 0x114B0A, 0x114D0A, 0x114F0A, 0x11510A, 0x11530A, 0x11550A, 0x11570A,
        0x11590A, 0x115B0A, 0x115D0A, 0x115F0A, 0x11610A, 0x11630A, 0x11650A, 0x11670A, 0x11690A, 0x116B0A, 0x116D0A, 0x3,
        0x0, 0x3, 0x0, 0x3, 0x0, 0x3, 0x0, 0x116F0A, 0x11710A, 0x11730A, 0x11750A, 0x11770A,
        0x11790A, 0x117B0A, 0x117D0A, 0x117F0A, 0x11810A, 0x11830A, 0x3, 0x11850A, 0x11870A, 0x11890A, 0x118B0A, 0x118D0A,
        0x118F0A, 0x11910A, 0x11930A, 0x11950A, 0x11970A, 0x11990A, 0x119B0A, 0x119D0A, 0x119F0A, 0x11A10A, 0x3, 0x11A30A,
        0x11A50A, 0x11A70A, 0x11A90A, 0x11AB0A, 0x11AD0A, 0x11AF0A, 0x3, 0x11B10A, 0x11B30A, 0x3, 0x0, 0x3,
        0x0, 0x3, 0x0, 0x3, 0x0, 0x3, 0x0, 0x3, 0x0, 0x3, 0x0, 0x3,
        0x0, 0x3, 0x0, 0x11B506, 0x11B606, 0x3606, 0x11B706, 0x9006, 0x3, 0x11B806, 0x11B906, 0x11BA06,
        0x11BB06, 0x9506, 0x9606, 0x11BC06, 0x11BD06, 0x11BE06, 0x11BF06, 0xB7306, 0x11C006, 0x9C06, 0x11C106, 0x6106,
        0x11C206, 0x11C306, 0x11C406, 0x11C506, 0x11C606, 0xB6306, 0x11C70A, 0x11C906, 0x11CA06, 0x11CB0A, 0x11CD06, 0x11CE0A,
        0x4706, 0x11D006, 0x11D106, 0x1006, 0x11D206, 0x11D30A, 0x57906, 0x11D506, 0xA706, 0x11D606, 0x11D706, 0x11D806,
        0x11D906, 0xAB06, 0x11DA06, 0x3, 0x11DB06, 0x11DC06, 0x11DD06, 0x11DE06, 0x11DF06, 0x11E006, 0x11E106, 0x11E20A,
        0x11E40A, 0x3, 0x0, 0x3, 0x0, 0x3, 0x0, 0x3, 0x0, 0x3, 0x0, 0x3,
        0x0, 0x3, 0x0, 0x3, 0x0, 0x3, 0x0, 0x3, 0x0, 0x3, 0x0, 0x3,
        0x0, 0x3, 0x0, 0x3, 0x0, 0x3, 0x0, 0x3, 0x0, 0x3, 0x0, 0x3,
        0x0, 0x3, 0x0, 0x3, 0x0, 0x3, 0x0, 0x3, 0x0, 0x3, 0x0, 0x3,
        0x0, 0x3, 0x0, 0x3, 0x0, 0x3, 0x0, 0x3, 0x0, 0x3, 0x0, 0x3,
        0x0, 0x3, 0x0, 0x3, 0x0, 0x3, 0x0, 0x3, 0x11E60A, 0x11E80A, 0x11EA0A, 0x11EC0A,
        0x11EE0A, 0x11F00A, 0x11F20A, 0x11F40A, 0x11F60A, 0x11F80A, 0x11FA0A, 0x11FC0A, 0x11FE0A, 0x12000A, 0x12020A, 0x12040A,
        0x12060A, 0x12080A, 0x120A0A, 0x120C0A, 0x120E0A, 0x12100A, 0x12120A, 0x12140A, 0x12160A, 0x12180A, 0x121A0A, 0x121C0A,
        0x121E0A, 0x12200A, 0x12220A, 0x12240A, 0x12260A, 0x12280A, 0x122A0A, 0x122C0A, 0x122E0A, 0x12300A, 0x12320A, 0x12340A,
        0x12360A, 0x12380A, 0x123A0A, 0x123C0A, 0x123E0A, 0x12400A, 0x12420A, 0x12440A, 0x12460A, 0x12480A, 0x124A0A, 0x3,
        0x0, 0x3, 0x0, 0x3, 0x0, 0x3, 0x0, 0x124C0A, 0x124E0A, 0x12500A, 0x12520A, 0x12540A,
        0x12560A, 0x12580A, 0x125A0A, 0x125C0A, 0x125E0A, 0x12600A, 0x12620A, 0x12640A, 0x12660A, 0x12680A, 0x126A0A, 0x126C0A,
        0x126E0A, 0x12700A, 0x12720A, 0x12740A, 0x12760A, 0x3, 0x0, 0x3, 0x0, 0x3, 0x0, 0x3,
        0x0, 0x3, 0x0, 0x3, 0x0, 0x3, 0x0, 0x3, 0x0, 0x3, 0x0, 0x3,
        0x0, 0x3, 0x0, 0x3, 0x0, 0x3, 0x0, 0x3, 0x0, 0x3, 0x0, 0x3,
        0x0, 0x3, 0x0, 0x3, 0x0, 0x3, 0x0, 0x3, 0x0, 0x3, 0x0, 0x3,
        0x0, 0x3, 0x0, 0x3, 0x0, 0x3, 0x0, 0x3, 0x0, 0x3, 0x0, 0x3,
        0x0, 0x3, 0x0, 0x3, 0x0, 0x3, 0x0, 0x3, 0x0, 0x3, 0x0, 0x3,
        0x0, 0x3, 0x0, 0x3, 0x0, 0x3, 0x0, 0x3, 0x0, 0x3, 0x0, 0x3,
        0x0, 0x3, 0x0, 0x3, 0x0, 0x3, 0x0, 0x3, 0x0, 0x3, 0x0, 0x3,
        0x0, 0x3, 0x0, 0x3, 0x0, 0x3, 0x0, 0x3, 0x0, 0x3, 0x0, 0x3,
        0x0, 0x3, 0x0, 0x3, 0x0, 0x3, 0x0, 0x3, 0x0, 0x3, 0x0, 0x3,
        0x0, 0x3, 0x0, 0x3, 0x0, 0x3, 0x0, 0x3, 0x0, 0x3, 0x0, 0x3,
        0x0, 0x3, 0x0, 0x3, 0x0, 0x3, 0x0, 0x3, 0x0, 0x3, 0x0, 0x3,
        0x0, 0x3, 0x0, 0x3, 0x0, 0x3, 0x0, 0x3, 0x0, 0x3, 0x0, 0x3,
        0x12780A, 0x127A0A, 0x127C0A, 0x127E0A, 0x12800A, 0x12820A, 0x12840A, 0x12860A, 0x12880A, 0x128A0A, 0x128C0A, 0x128E0A,
        0x12900A, 0x12920A, 0x12940A, 0x12960A, 0x12980A, 0x129A0A, 0x129C0A, 0x129E0A, 0x12A00A, 0x12A20A, 0x12A40A, 0x12A60A,
        0x12A80A, 0x12AA0A, 0x12AC0A, 0x12AE0A, 0x12B00A, 0x12B20A, 0x12B40A, 0x12B60A, 0x0, 0x3, 0x0, 0x3,
        0x0, 0x3, 0x0, 0x3, 0x0, 0x3, 0x0, 0x3, 0x0, 0x3, 0x0, 0x3,
        0x0, 0x3, 0x0, 0x3, 0x0, 0x3, 0x0, 0x3, 0x0, 0x3, 0x0, 0x3,
        0x0, 0x3, 0x0, 0x3, 0x0, 0x3, 0x0, 0x3, 0x0, 0x3, 0x0, 0x3,
        0x0, 0x3, 0x0, 0x3, 0x0, 0x3, 0x0, 0x3, 0x0, 0x3, 0x0, 0x3,
        0x0, 0x3, 0x0, 0x3, 0x0, 0x3, 0x0, 0x3, 0x0, 0x3, 0x0, 0x3,
        0x0, 0x3, 0x0, 0x3, 0x0, 0x3, 0x0, 0x3, 0x0, 0x3, 0x0, 0x3,
        0x0, 0x3, 0x0, 0x3, 0x0, 0x3, 0x0, 0x3, 0x0, 0x3, 0x0, 0x3,
        0x0, 0x3, 0x0, 0x3, 0x0, 0x3, 0x0, 0x3, 0x0, 0x3, 0x0, 0x3,
        0x0, 0x3, 0x0, 0x3, 0x0, 0x3, 0x0, 0x3, 0x0, 0x3, 0x0, 0x3,
        0x0, 0x3, 0x0, 0x3, 0x0, 0x3, 0x0, 0x3, 0x0, 0x3, 0x0, 0x3,
        0x0, 0x3, 0x0, 0x3, 0x0, 0x3, 0x0, 0x3, 0x0, 0x3, 0x0, 0x3,
        0x0, 0x3, 0x0, 0x3, 0x12B80A, 0x12BA0A, 0x12BC0A, 0x12BE0A, 0x12C00A, 0x12C20A, 0x12C40A, 0x12C60A,
        0x12C80A, 0x12CA0A, 0x12CC0A, 0x12CE0A, 0x12D00A, 0x12D20A, 0x12D40A, 0x12D60A, 0x12D80A, 0x12DA0A, 0x12DC0A, 0x12DE0A,
        0x12E00A, 0x12E20A, 0x12E40A, 0x12E60A, 0x12E80A, 0x12EA0A, 0x12EC0A, 0x12EE0A, 0x12F00A, 0x12F20A, 0x12F40A, 0x12F60A,
        0x0, 0x3, 0x12F80A, 0x12FA0A, 0x12FC0A, 0x12FE0A, 0x13000A, 0x13020A, 0x13040A, 0x13060A, 0x13080A, 0x130A0A,
        0x130C0A, 0x130E0A, 0x13100A, 0x13120A, 0x13140A, 0x13160A, 0x13180A, 0x131A0A, 0x131C0A, 0x131E0A, 0x13200A, 0x13220A,
        0x13240A, 0x13260A, 0x13280A, 0x3, 0x0, 0x3, 0x0, 0x3, 0x0, 0x3, 0x0, 0x3,
        0x0, 0x3, 0x0, 0x3, 0x0, 0x3, 0x0, 0x3, 0x0, 0x3, 0x0, 0x3,
        0x0, 0x3, 0x0, 0x3, 0x0, 0x3, 0x0, 0x3, 0x0, 0x3, 0x0, 0x3,
        0x0, 0x3, 0x0, 0x3, 0x0, 0x3, 0x0, 0x3, 0x0, 0x3, 0x0, 0x3,
        0x0, 0x1, 0x3, 0x0, 0x6, 0x106, 0x206, 0x306, 0x406, 0x506, 0x606, 0x706,
        0x806, 0x906, 0xA06, 0xB06, 0xC06, 0xD06, 0xE06, 0xF06, 0x1006, 0x1106, 0x1206, 0x1306,
        0x1406, 0x1506, 0x1606, 0x1706, 0x1806, 0x1906, 0x41806, 0x2606, 0x1F06, 0x2006, 0x2906, 0x41906,
        0x41A06, 0x41B06, 0x41C06, 0x41D06, 0x0, 0x3, 0x0, 0x3, 0x0, 0x3, 0x0, 0x3,
        0x0, 0x3, 0x0, 0x3, 0x0, 0x3, 0x0, 0x3, 0x0, 0x3, 0x0, 0x132A12,
        0x132E12, 0x13321A, 0x13381A, 0x133E1A, 0x13441A, 0x134A1A, 0x0, 0x1, 0x0, 0x135012, 0x135412, 0x13581A,
        0x135E1A, 0x13641A, 0x136A1A, 0x0, 0x3, 0x0, 0x3, 0x0, 0x3, 0x0, 0x3, 0x0,
        0x3, 0x0, 0x3, 0x6, 0x106, 0x206, 0x306, 0x406, 0x506, 0x606, 0x706, 0x806,
        0x906, 0xA06, 0xB06, 0xC06, 0xD06, 0xE06, 0xF06, 0x1006, 0x1106, 0x1206, 0x1306, 0x1406,
        0x1506, 0x1606, 0x1706, 0x1806, 0x1906, 0x6, 0x106, 0x206, 0x306, 0x406, 0x506, 0x606,
        0x706, 0x806, 0x906, 0xA06, 0xB06, 0xC06, 0xD06, 0xE06, 0xF06, 0x1006, 0x1106, 0x1206,
        0x1306, 0x1406, 0x1506, 0x1606, 0x1706, 0x1806, 0x1906, 0x6, 0x106, 0x206, 0x306, 0x406,
        0x506, 0x606, 0x706, 0x806, 0x906, 0xA06, 0xB06, 0xC06, 0xD06, 0xE06, 0xF06, 0x1006,
        0x1106, 0x1206, 0x1306, 0x1406, 0x1506, 0x1606, 0x1706, 0x1806, 0x1906, 0x6, 0x106, 0x206,
        0x306, 0x406, 0x506, 0x606, 0x3, 0x806, 0x906, 0xA06, 0xB06, 0xC06, 0xD06, 0xE06,
        0xF06, 0x1006, 0x1106, 0x1206, 0x1306, 0x1406, 0x1506, 0x1606, 0x1706, 0x1806, 0x1906, 0x6,
        0x106, 0x206, 0x306, 0x406, 0x506, 0x606, 0x706, 0x806, 0x906, 0xA06, 0xB06, 0xC06,
        0xD06, 0xE06, 0xF06, 0x1006, 0x1106, 0x1206, 0x1306, 0x1406, 0x1506, 0x1606, 0x1706, 0x1806,
        0x1906, 0x6, 0x106, 0x206, 0x306, 0x406, 0x506, 0x606, 0x706, 0x806, 0x906, 0xA06,
        0xB06, 0xC06, 0xD06, 0xE06, 0xF06, 0x1006, 0x1106, 0x1206, 0x1306, 0x1406, 0x1506, 0x1606,
        0x1706, 0x1806, 0x1906, 0x6, 0x3, 0x206, 0x306, 0x3, 0x606, 0x3, 0x906, 0xA06,
        0x3, 0xD06, 0xE06, 0xF06, 0x1006, 0x3, 0x1206, 0x1306, 0x1406, 0x1506, 0x1606, 0x1706,
        0x1806, 0x1906, 0x6, 0x106, 0x206, 0x306, 0x3, 0x506, 0x3, 0x706, 0x806, 0x906,
        0xA06, 0xB06, 0xC06, 0xD06, 0x3, 0xF06, 0x1006, 0x1106, 0x1206, 0x1306, 0x1406, 0x1506,
        0x1606, 0x1706, 0x1806, 0x1906, 0x6, 0x106, 0x206, 0x306, 0x406, 0x506, 0x606, 0x706,
        0x806, 0x906, 0xA06, 0xB06, 0xC06, 0xD06, 0xE06, 0xF06, 0x1006, 0x1106, 0x1206, 0x1306,
        0x1406, 0x1506, 0x1606, 0x1706, 0x1806, 0x1906, 0x6, 0x106, 0x206, 0x306, 0x406, 0x506,
        0x606, 0x706, 0x806, 0x906, 0xA06, 0xB06, 0xC06, 0xD06, 0xE06, 0xF06, 0x1006, 0x1106,
        0x1206, 0x1306, 0x1406, 0x1506, 0x1606, 0x1706, 0x1806, 0x1906, 0x6, 0x106, 0x3, 0x306,
        0x406, 0x506, 0x606, 0x3, 0x906, 0xA06, 0xB06, 0xC06, 0xD06, 0xE06, 0xF06, 0x1006,
        0x3, 0x1206, 0x1306, 0x1406, 0x1506, 0x1606, 0x1706, 0x1806, 0x3, 0x6, 0x106, 0x206,
        0x306, 0x406, 0x506, 0x606, 0x706, 0x806, 0x906, 0xA06, 0xB06, 0xC06, 0xD06, 0xE06,
        0xF06, 0x1006, 0x1106, 0x1206, 0x1306, 0x1406, 0x1506, 0x1606, 0x1706, 0x1806, 0x1906, 0x6,
        0x106, 0x3, 0x306, 0x406, 0x506, 0x606, 0x3, 0x806, 0x906, 0xA06, 0xB06, 0xC06,
        0x3, 0xE06, 0x3, 0x1206, 0x1306, 0x1406, 0x1506, 0x1606, 0x1706, 0x1806, 0x3, 0x6,
        0x106, 0x206, 0x306, 0x406, 0x506, 0x606, 0x706, 0x806, 0x906, 0xA06, 0xB06, 0xC06,
        0xD06, 0xE06, 0xF06, 0x1006, 0x1106, 0x1206, 0x1306, 0x1406, 0x1506, 0x1606, 0x1706, 0x1806,
        0x1906, 0x6, 0x106, 0x206, 0x306, 0x406, 0x506, 0x606, 0x706, 0x806, 0x906, 0xA06,
        0xB06, 0xC06, 0xD06, 0xE06, 0xF06, 0x1006, 0x1106, 0x1206, 0x1306, 0x1406, 0x1506, 0x1606,
        0x1706, 0x1806, 0x1906, 0x6, 0x106, 0x206, 0x306, 0x406, 0x506, 0x606, 0x706, 0x806,
        0x906, 0xA06, 0xB06, 0xC06, 0xD06, 0xE06, 0xF06, 0x1006, 0x1106, 0x1206, 0x1306, 0x1406,
        0x1506, 0x1606, 0x1706, 0x1806, 0x1906, 0x6, 0x106, 0x206, 0x306, 0x406, 0x506, 0x606,
        0x706, 0x806, 0x906, 0xA06, 0xB06, 0xC06, 0xD06, 0xE06, 0xF06, 0x1006, 0x1106, 0x1206,
        0x1306, 0x1406, 0x1506, 0x1606, 0x1706, 0x1806, 0x1906, 0x6, 0x106, 0x206, 0x306, 0x406,
        0x506, 0x606, 0x706, 0x806, 0x906, 0xA06, 0xB06, 0xC06, 0xD06, 0xE06, 0xF06, 0x1006,
        0x1106, 0x1206, 0x1306, 0x1406, 0x1506, 0x1606, 0x1706, 0x1806, 0x1906, 0x6, 0x106, 0x206,
        0x306, 0x406, 0x506, 0x606, 0x706, 0x806, 0x906, 0xA06, 0xB06, 0xC06, 0xD06, 0xE06,
        0xF06, 0x1006, 0x1106, 0x1206, 0x1306, 0x1406, 0x1506, 0x1606, 0x1706, 0x1806, 0x1906, 0x6,
        0x106, 0x206, 0x306, 0x406, 0x506, 0x606, 0x706, 0x806, 0x906, 0xA06, 0xB06, 0xC06,
        0xD06, 0xE06, 0xF06, 0x1006, 0x1106, 0x1206, 0x1306, 0x1406, 0x1506, 0x1606, 0x1706, 0x1806,
        0x1906, 0x6, 0x106, 0x206, 0x306, 0x406, 0x506, 0x606, 0x706, 0x806, 0x906, 0xA06,
        0xB06, 0xC06, 0xD06, 0xE06, 0xF06, 0x1006, 0x1106, 0x1206, 0x1306, 0x1406, 0x1506, 0x1606,
        0x1706, 0x1806, 0x1906, 0x6, 0x106, 0x206, 0x306, 0x406, 0x506, 0x606, 0x706, 0x806,
        0x906, 0xA06, 0xB06, 0xC06, 0xD06, 0xE06, 0xF06, 0x1006, 0x1106, 0x1206, 0x1306, 0x1406,
        0x1506, 0x1606, 0x1706, 0x1806, 0x1906, 0x6, 0x106, 0x206, 0x306, 0x406, 0x506, 0x606,
        0x706, 0x806, 0x906, 0xA06, 0xB06, 0xC06, 0xD06, 0xE06, 0xF06, 0x1006, 0x1106, 0x1206,
        0x1306, 0x1406, 0x1506, 0x1606, 0x1706, 0x1806, 0x1906, 0x6, 0x106, 0x206, 0x306, 0x406,
        0x506, 0x606, 0x706, 0x806, 0x906, 0xA06, 0xB06, 0xC06, 0xD06, 0xE06, 0xF06, 0x1006,
        0x1106, 0x1206, 0x1306, 0x1406, 0x1506, 0x1606, 0x1706, 0x1806, 0x1906, 0x6, 0x106, 0x206,
        0x306, 0x406, 0x506, 0x606, 0x706, 0x806, 0x906, 0xA06, 0xB06, 0xC06, 0xD06, 0xE06,
        0xF06, 0x1006, 0x1106, 0x1206, 0x1306, 0x1406, 0x1506, 0x1606, 0x1706, 0x1806, 0x1906, 0x6,
        0x106, 0x206, 0x306, 0x406, 0x506, 0x606, 0x706, 0x806, 0x906, 0xA06, 0xB06, 0xC06,
        0xD06, 0xE06, 0xF06, 0x1006, 0x1106, 0x1206, 0x1306, 0x1406, 0x1506, 0x1606, 0x1706, 0x1806,
        0x1906, 0x137006, 0x137106, 0x3, 0x12306, 0x12406, 0x12506, 0x12606, 0x12706, 0x12806, 0x12906, 0x12A06,
        0x11006, 0x12B06, 0x12C06, 0x2306, 0x12D06, 0x12E06, 0x12F06, 0x13006, 0x13106, 0x12A06, 0x13206, 0x13306,
        0x13406, 0x13506, 0x13606, 0x13706, 0x13806, 0x137206, 0x12306, 0x12406, 0x12506, 0x12606, 0x12706, 0x12806,
        0x12906, 0x12A06, 0x11006, 0x12B06, 0x12C06, 0x2306, 0x12D06, 0x12E06, 0x12F06, 0x13006, 0x13106, 0x13206,
        0x13306, 0x13406, 0x13506, 0x13606, 0x13706, 0x13806, 0x137306, 0x12706, 0x12A06, 0x12B06, 0x13506, 0x13106,
        0x13006, 0x12306, 0x12406, 0x12506, 0x12606, 0x12706, 0x12806, 0x12906, 0x12A06, 0x11006, 0x12B06, 0x12C06,
        0x2306, 0x12D06, 0x12E06, 0x12F06, 0x13006, 0x13106, 0x12A06, 0x13206, 0x13306, 0x13406, 0x13506, 0x13606,
        0x13706, 0x13806, 0x137206, 0x12306, 0x12406, 0x12506, 0x12606, 0x12706, 0x12806, 0x12906, 0x12A06, 0x11006,
        0x12B06, 0x12C06, 0x2306, 0x12D06, 0x12E06, 0x12F06, 0x13006, 0x13106, 0x13206, 0x13306, 0x13406, 0x13506,
        0x13606, 0x13706, 0x13806, 0x137306, 0x12706, 0x12A06, 0x12B06, 0x13506, 0x13106, 0x13006, 0x12306, 0x12406,
        0x12506, 0x12606, 0x12706, 0x12806, 0x12906, 0x12A06, 0x11006, 0x12B06, 0x12C06, 0x2306, 0x12D06, 0x12E06,
        0x12F06, 0x13006, 0x13106, 0x12A06, 0x13206, 0x13306, 0x13406, 0x13506, 0x13606, 0x13706, 0x13806, 0x137206,
        0x12306, 0x12406, 0x12506, 0x12606, 0x12706, 0x12806, 0x12906, 0x12A06, 0x11006, 0x12B06, 0x12C06, 0x2306,
        0x12D06, 0x12E06, 0x12F06, 0x13006, 0x13106, 0x13206, 0x13306, 0x13406, 0x13506, 0x13606, 0x13706, 0x13806,
        0x137306, 0x12706, 0x12A06, 0x12B06, 0x13506, 0x13106, 0x13006, 0x12306, 0x12406, 0x12506, 0x12606, 0x12706,
        0x12806, 0x12906, 0x12A06, 0x11006, 0x12B06, 0x12C06, 0x2306, 0x12D06, 0x12E06, 0x12F06, 0x13006, 0x13106,
        0x12A06, 0x13206, 0x13306, 0x13406, 0x13506, 0x13606, 0x13706, 0x13806, 0x137206, 0x12306, 0x12406, 0x12506,
        0x12606, 0x12706, 0x12806, 0x12906, 0x12A06, 0x11006, 0x12B06, 0x12C06, 0x2306, 0x12D06, 0x12E06, 0x12F06,
        0x13006, 0x13106, 0x13206, 0x13306, 0x13406, 0x13506, 0x13606, 0x13706, 0x13806, 0x137306, 0x12706, 0x12A06,
        0x12B06, 0x13506, 0x13106, 0x13006, 0x12306, 0x12406, 0x12506, 0x12606, 0x12706, 0x12806, 0x12906, 0x12A06,
        0x11006, 0x12B06, 0x12C06, 0x2306, 0x12D06, 0x12E06, 0x12F06, 0x13006, 0x13106, 0x12A06, 0x13206, 0x13306,
        0x13406, 0x13506, 0x13606, 0x13706, 0x13806, 0x137206, 0x12306, 0x12406, 0x12506, 0x12606, 0x12706, 0x12806,
        0x12906, 0x12A06, 0x11006, 0x12B06, 0x12C06, 0x2306, 0x12D06, 0x12E06, 0x12F06, 0x13006, 0x13106, 0x13206,
        0x13306, 0x13406, 0x13506, 0x13606, 0x13706, 0x13806, 0x137306, 0x12706, 0x12A06, 0x12B06, 0x13506, 0x13106,
        0x13006, 0x13E06, 0x3, 0x41806, 0x2606, 0x1F06, 0x2006, 0x2906, 0x41906, 0x41A06, 0x41B06, 0x41C06,
        0x41D06, 0x41806, 0x2606, 0x1F06, 0x2006, 0x2906, 0x41906, 0x41A06, 0x41B06, 0x41C06, 0x41D06, 0x41806,
        0x2606, 0x1F06, 0x2006, 0x2906, 0x41906, 0x41A06, 0x41B06, 0x41C06, 0x41D06, 0x41806, 0x2606, 0x1F06,
        0x2006, 0x2906, 0x41906, 0x41A06, 0x41B06, 0x41C06, 0x41D06, 0x41806, 0x2606, 0x1F06, 0x2006, 0x2906,
        0x41906, 0x41A06, 0x41B06, 0x41C06, 0x41D06, 0x0, 0x3, 0x0, 0x3, 0x0, 0x3, 0x0,
        0x3, 0x0, 0x3, 0x0, 0x3, 0x0, 0x3, 0x0, 0x3, 0x0, 0x3, 0x0,
        0x3, 0x15D06, 0x15E06, 0x15F06, 0x16006, 0x16106, 0x16206, 0x16306, 0x16406, 0x16506, 0x16706, 0x16806,
        0x16906, 0x16B06, 0x16C06, 0x16D06, 0x16E06, 0x16F06, 0x17006, 0x17106, 0x17206, 0x17306, 0x17406, 0x17506,
        0x17806, 0x17A06, 0x17B06, 0xB1E06, 0x1B506, 0x15306, 0x15506, 0x1BD06, 0x1A006, 0x1A906, 0x15D06, 0x15E06,
        0x15F06, 0x16006, 0x16106, 0x16206, 0x16306, 0x16406, 0x16506, 0x16706, 0x16806, 0x16B06, 0x16C06, 0x16E06,
        0x17006, 0x17106, 0x17206, 0x17306, 0x17406, 0x17506, 0x17706, 0x17806, 0x19106, 0x15306, 0x15206, 0x15C06,
        0x19E06, 0xB0B06, 0x1A106, 0x3, 0x0, 0x3, 0x0, 0x3, 0x0, 0x3, 0x0, 0x3,
        0x0, 0x3, 0x0, 0x3, 0x0, 0x3, 0x0, 0x3, 0x0, 0x3, 0x0, 0x3,
        0x0, 0x3, 0x0, 0x3, 0x0, 0x3, 0x0, 0x3, 0x0, 0x3, 0x0, 0x3,
        0x0, 0x3, 0x0, 0x3, 0x0, 0x3, 0x0, 0x3, 0x13740A, 0x13760A, 0x13780A, 0x137A0A,
        0x137C0A, 0x137E0A, 0x13800A, 0x13820A, 0x13840A, 0x13860A, 0x13880A, 0x138A0A, 0x138C0A, 0x138E0A, 0x13900A, 0x13920A,
        0x13940A, 0x13960A, 0x13980A, 0x139A0A, 0x139C0A, 0x139E0A, 0x13A00A, 0x13A20A, 0x13A40A, 0x13A60A, 0x13A80A, 0x13AA0A,
        0x13AC0A, 0x13AE0A, 0x13B00A, 0x13B20A, 0x13B40A, 0x13B60A, 0x0, 0x3, 0x0, 0x3, 0x0, 0x3,
        0x0, 0x3, 0x0, 0x3, 0x20906, 0xE0C06, 0xE0506, 0x105906, 0x3, 0x20B06, 0xEC706, 0xE0706,
        0xE4C06, 0x20F06, 0xE6E06, 0xE7706, 0xE0906, 0xE9206, 0xE3806, 0xE5206, 0xE5A06, 0xE4006, 0xE6606, 0xEAE06,
        0xEFC06, 0xE1806, 0xE2406, 0xE1106, 0xEAC06, 0xE4406, 0xE5006, 0xE5606, 0x13B806, 0xDE406, 0x13B906, 0x13BA06,
        0x3, 0xE0C06, 0xE0506, 0x3, 0xE9E06, 0x3, 0xE0706, 0x3, 0x20F06, 0xE6E06, 0xE7706, 0xE0906,
        0xE9206, 0xE3806, 0xE5206, 0xE5A06, 0xE4006, 0xE6606, 0x3, 0xEFC06, 0xE1806, 0xE2406, 0xE1106, 0x3,
        0xE4406, 0x3, 0xE5606, 0x3, 0xE0506, 0x3, 0xE0706, 0x3, 0x20F06, 0x3, 0xE7706, 0x3,
        0xE9206, 0xE3806, 0xE5206, 0x3, 0xE4006, 0xE6606, 0x3, 0xEFC06, 0x3, 0xE1106, 0x3, 0xE4406,
        0x3, 0xE5606, 0x3, 0xDE406, 0x3, 0x13BA06, 0x3, 0xE0C06, 0xE0506, 0x3, 0xE9E06, 0x3,
        0xE0706, 0xE4C06, 0x20F06, 0xE6E06, 0x3, 0xE0906, 0xE9206, 0xE3806, 0xE5206, 0xE5A06, 0xE4006, 0xE6606,
        0x3, 0xEFC06, 0xE1806, 0xE2406, 0xE1106, 0x3, 0xE4406, 0xE5006, 0xE5606, 0x13B806, 0x3, 0x13B906,
        0x3, 0x20906, 0xE0C06, 0xE0506, 0x105906, 0xE9E06, 0x20B06, 0xEC706, 0xE0706, 0xE4C06, 0x20F06, 0x3,
        0xE7706, 0xE0906, 0xE9206, 0xE3806, 0xE5206, 0xE5A06, 0xE4006, 0xE6606, 0xEAE06, 0xEFC06, 0xE1806, 0xE2406,
        0xE1106, 0xEAC06, 0xE4406, 0xE5006, 0xE5606, 0x3, 0xE0C06, 0xE0506, 0x105906, 0x3, 0x20B06, 0xEC706,
        0xE0706, 0xE4C06, 0x20F06, 0x3, 0xE7706, 0xE0906, 0xE9206, 0xE3806, 0xE5206, 0xE5A06, 0xE4006, 0xE6606,
        0xEAE06, 0xEFC06, 0xE1806, 0xE2406, 0xE1106, 0xEAC06, 0xE4406, 0xE5006, 0xE5606, 0x3, 0x0, 0x3,
        0x0, 0x3, 0x0, 0x3, 0x0, 0x3, 0x0, 0x3, 0x0, 0x3, 0x0, 0x3,
        0x13BB0A, 0x13BD0A, 0x13BF0A, 0x13C10A, 0x13C30A, 0x13C50A, 0x13C70A, 0x13C90A, 0x13CB0A, 0x13CD0A, 0x0, 0x4F10E,
        0x4F40E, 0x4F70E, 0x4FA0E, 0x4FD0E, 0x5000E, 0x5030E, 0x5060E, 0x5090E, 0x50C0E, 0x50F0E, 0x5120E, 0x5150E,
        0x5180E, 0x51B0E, 0x51E0E, 0x5210E, 0x5240E, 0x5270E, 0x52A0E, 0x52D0E, 0x5300E, 0x5330E, 0x5360E, 0x5390E,
        0x53C0E, 0x13CF0E, 0x206, 0x1106, 0x20A, 0x13D20A, 0x0, 0x6, 0x106, 0x206, 0x306, 0x406,
        0x506, 0x606, 0x706, 0x806, 0x906, 0xA06, 0xB06, 0xC06, 0xD06, 0xE06, 0xF06, 0x1006,
        0x1106, 0x1206, 0x1306, 0x1406, 0x1506, 0x1606, 0x1706, 0x1806, 0x1906, 0x13D40A, 0xA6B0A, 0x13D60A,
        0x13D80A, 0x13DA0E, 0x13DD0A, 0x0, 0xA280A, 0x9DA0A, 0x13DF0A, 0x0, 0x13E10A, 0x0, 0x3, 0x0,
        0x13E30A, 0x13E50A, 0x84206, 0x3, 0x5F806, 0x13E706, 0x13E806, 0x8ED06, 0x5BF06, 0x13E906, 0x13EA06, 0x70006,
        0x13EB06, 0x13EC06, 0x13ED06, 0xC8206, 0x13EE06, 0x13EF06, 0x13F006, 0x13F106, 0x13F206, 0x13F306, 0x61C06, 0x13F406,
        0x13F506, 0x13F606, 0x13F706, 0x13F806, 0x13F906, 0x5B906, 0x6F806, 0x13FA06, 0x7F706, 0x6FB06, 0x7F806, 0x13FB06,
        0x65406, 0x13FC06, 0x13FD06, 0x13FE06, 0x13FF06, 0x140006, 0x79806, 0x60206, 0x140106, 0x140206, 0x140306, 0x140406,
        0x3, 0x14050E, 0x14080E, 0x140B0E, 0x140E0E, 0x14110E, 0x14140E, 0x14170E, 0x141A0E, 0x141D0E, 0x3, 0x142006,
        0x142106, 0x3, 0x0, 0x3, 0x0, 0x3, 0x0, 0x3, 0x0, 0x3, 0x0, 0x3,
        0x0, 0x3, 0x0, 0x3, 0x0, 0x3, 0x0, 0x3, 0x0, 0x3, 0x0, 0x3,
        0x0, 0x3, 0x0, 0x3, 0x0, 0x3, 0x0, 0x3, 0x0, 0x3, 0x0, 0x3,
        0x0, 0x3, 0x0, 0x3, 0x0, 0x3, 0x0, 0x3, 0x0, 0x3, 0x0, 0x3,
        0x0, 0x3, 0x0, 0x3, 0x0, 0x41806, 0x2606, 0x1F06, 0x2006, 0x2906, 0x41906, 0x41A06,
        0x41B06, 0x41C06, 0x41D06, 0x0, 0x3, 0x0, 0x3, 0x0, 0x3, 0x0, 0x3, 0x0,
        0x3, 0x0, 0x3, 0x142206, 0x142306, 0x142406, 0x14250A, 0x142706, 0xCDF06, 0x142806, 0x142906, 0x142A06,
        0x142B06, 0xCE006, 0x142C06, 0x142D06, 0x142E0A, 0xCE106, 0x143006, 0x143106, 0x143206, 0x14330A, 0x143506, 0x143606,
        0x13F006, 0x14370A, 0x143906, 0x143A06, 0x143B06, 0x143C06, 0xD1906, 0x143D0A, 0x5C906, 0x143F06, 0x144006, 0x144106,
        0x144206, 0x140206, 0x144306, 0x144406, 0xD1E06, 0xCE206, 0xCE306, 0xD1F06, 0x144506, 0x144606, 0xC2D06, 0x144706,
        0xCE406, 0x144806, 0x144906, 0x144A06, 0x144B06, 0x144C0A, 0x144E06, 0x144F06, 0x145006, 0x14510A, 0x145306, 0x145406,
        0x145506, 0x145606, 0x145706, 0x145806, 0x145906, 0x145A06, 0x145B06, 0x145C06, 0x145D06, 0x145E06, 0x145F06, 0xD2106,
        0x146006, 0x146106, 0x146206, 0x146306, 0xCE606, 0x146406, 0x146506, 0x146606, 0xCBE06, 0x146706, 0x146806, 0x146906,
        0x146A06, 0x146B06, 0x146C06, 0x146D06, 0x146E06, 0x146F0A, 0x147106, 0x147206, 0x147306, 0x13E906, 0x147406, 0x147506,
        0x14760A, 0x14780A, 0x147A06, 0x147B06, 0x147C06, 0x147D06, 0x147E06, 0x147F06, 0x148006, 0x148106, 0x148206, 0x14830A,
        0x148506, 0x148606, 0xC2906, 0x148706, 0x14880A, 0x148A06, 0x148B06, 0x148C06, 0x5E306, 0x148D06, 0x148E06, 0x5E506,
        0x148F06, 0x149006, 0x14910A, 0x149306, 0x14940A, 0x149606, 0x149706, 0x149806, 0x149906, 0x149A06, 0x149B06, 0x149C06,
        0x149D06, 0x149E06, 0x149F06, 0x14A006, 0x14A10A, 0x14A306, 0x14A406, 0x14A506, 0x14A606, 0xBF506, 0x14A70A, 0x5EF06,
        0x14A90A, 0x14AB06, 0x14AC06, 0x14AD06, 0x14AE0A, 0x14B00A, 0x14B206, 0x14B306, 0x14B406, 0x14B506, 0x14B606, 0x14B706,
        0x14B806, 0x14B906, 0x14BA06, 0x14BB06, 0xCEB06, 0x14BC0A, 0x14BE06, 0x14BF06, 0x14C006, 0xD2D06, 0x14C006, 0x14C106,
        0xCED06, 0x14C206, 0x14C306, 0x14C406, 0x14C506, 0xCEE06, 0xBDA06, 0x9E406, 0x14C606, 0x14C706, 0x14C806, 0x14C906,
        0x14CA06, 0x14CB0A, 0x14CD06, 0x14CE06, 0x14CF06, 0x14D006, 0x14D106, 0x14D20A, 0x14D406, 0x14D506, 0x14D606, 0x14D706,
        0x14D806, 0x14D906, 0x14DA06, 0x14DB06, 0x14DC06, 0xCEF06, 0x14DD06, 0x14DE0A, 0x14E006, 0x14E106, 0x14E206, 0x14E306,
        0xCF106, 0x14E406, 0x14E506, 0x14E606, 0x14E706, 0x14E806, 0x14E906, 0x14EA06, 0x14EB06, 0xBF606, 0xD3506, 0x14EC06,
        0x14ED06, 0x14EE06, 0x14EF0A, 0x14F106, 0x14F206, 0x14F306, 0x14F406, 0xCF206, 0x14F50A, 0x14F706, 0x14F806, 0x14F906,
        0xD6206, 0x14FA06, 0x14FB06, 0x14FC06, 0x14FD06, 0x14FE0A, 0x150006, 0x150106, 0x150206, 0x15030A, 0x150506, 0x150606,
        0x150706, 0x150806, 0xC3A06, 0x150906, 0x150A0A, 0x150C0A, 0x150E0A, 0x151006, 0x15110A, 0x151306, 0x151406, 0x151506,
        0x151606, 0x151706, 0xCF306, 0xC8C06, 0x151806, 0x151906, 0x151A06, 0x151B0A, 0x151D06, 0x151E06, 0x151F06, 0x152006,
        0xD3806, 0x152106, 0x15220A, 0x152406, 0x152506, 0x15260A, 0x15280A, 0x152A06, 0x152B06, 0xD3906, 0x152C06, 0x152D06,
        0x152E06, 0x152F06, 0x153006, 0x153106, 0x15320A, 0x153406, 0x15350A, 0x153706, 0x15380A, 0x153A06, 0xD3B06, 0x153B06,
        0x153C0A, 0x153E06, 0x153F06, 0x15400A, 0x15420A, 0x154406, 0x154506, 0x154606, 0x154706, 0x154806, 0x154906, 0x154A06,
        0xD3D06, 0x154B06, 0x154C06, 0x154D06, 0x154E06, 0x154F0A, 0x155106, 0x15520A, 0xC2C06, 0x15540A, 0x155606, 0x15570A,
        0x15590A, 0x155B0A, 0x155D06, 0x155E06, 0xD4306, 0x155F0A, 0x15610A, 0x15630A, 0x15650A, 0x156706, 0x156806, 0xD4406,
        0xD6406, 0x156906, 0x156A06, 0x156B06, 0x156C0A, 0x156E06, 0xC0706, 0xD4606, 0x156F06, 0x15700A, 0xCFD06, 0x15720A,
        0x15740A, 0xCD206, 0x157606, 0x157706, 0xD0006, 0x157806, 0x157906, 0x157A0A, 0x157C0A, 0x157E06, 0x157F06, 0x15800A,
        0x158206, 0x158306, 0x158406, 0x15850A, 0x158706, 0x158806, 0x158906, 0x158A06, 0x158B06, 0x158C0A, 0x158E06, 0x158F06,
        0x159006, 0x159106, 0x159206, 0x159306, 0x15940A, 0x15960A, 0x159806, 0x15990A, 0x159B06, 0x159C0A, 0x159E06, 0x159F06,
        0xD0606, 0x15A00A, 0x15A20A, 0x15A406, 0x15A50A, 0x15A706, 0x15A80A, 0x15AA06, 0x15AB06, 0x15AC06, 0x15AD06, 0x15AE06,
        0x15AF06, 0x15B00A, 0x15B20A, 0x15B40A, 0x15B60A, 0x14AB06, 0x15B806, 0x15B906, 0x15BA06, 0x15BB06, 0x15BC06, 0x15BD06,
        0x15BE06, 0x15BF06, 0x15C006, 0x15C106, 0x15C206, 0x15C30A, 0xC3D06, 0x15C506, 0x15C606, 0x15C706, 0x15C806, 0x15C906,
        0x15CA06, 0xD0906, 0x15CB06, 0x15CC06, 0x15CD06, 0x15CE06, 0x15CF0A, 0x15D10A, 0x15D30A, 0x15D506, 0x15D606, 0x15D706,
        0x15D806, 0x15D90A, 0x15DB06, 0x15DC0A, 0x15DE06, 0x15DF06, 0x15E00A, 0x15E20A, 0x15E406, 0x15E506, 0xC0206, 0x15E606,
        0x15E706, 0x15E806, 0x15E906, 0x15EA06, 0x15EB06, 0xD4D06, 0x15EC06, 0x15ED06, 0x15EE06, 0x15EF06, 0x15F006, 0x15F106,
        0x15F206, 0x15F306, 0x64906, 0x15F40A, 0x15F606, 0x15F706, 0x15F806, 0x15F906, 0x15FA06, 0x15FB0A, 0x15FD0A, 0x15FF06,
        0x160006, 0x160106, 0xD5206, 0xD5306, 0x65006, 0x16020A, 0x160406, 0x160506, 0x160606, 0x160706, 0x16080A, 0x160A0A,
        0x160C06, 0x160D06, 0x160E06, 0x160F0A, 0x161106, 0xD5406, 0x16120A, 0x16140A, 0x161606, 0x161706, 0x161806, 0x16190A,
        0x161B06, 0x161C06, 0x161D06, 0x161E06, 0x161F06, 0x162006, 0x162106, 0x16220A, 0x162406, 0x162506, 0x162606, 0x16270A,
        0x162906, 0x162A06, 0x162B06, 0x162C06, 0x162D0A, 0x162F0A, 0x163106, 0x163206, 0x163306, 0x16340A, 0x163606, 0x16370A,
        0xD5A06, 0x163906, 0x163A0A, 0x163C06, 0x163D06, 0x163E06, 0x163F06, 0x164006, 0x164106, 0x164206, 0x16430A, 0xD5B06,
        0x164506, 0x164606, 0x164706, 0x164806, 0x164906, 0x164A0A, 0x164C06, 0x164D0A, 0x164F0A, 0x16510A, 0x68006, 0x165306,
        0x68406, 0x165406, 0x165506, 0x165606, 0x165706, 0x68906, 0x16580A, 0x3, 0x0, 0x3, 0x0, 0x3,
        0x1, 0x3,
    ];

    private const string MappingText =
        "abcdefghijklmnop" +
        "qrstuvwxyz  \u0308 \u03042" +
        "3 \u0301\u03BC \u032711\u204441\u204423\u20444" +
        "\u00E0\u00E1\u00E2\u00E3\u00E4\u00E5\u00E6\u00E7\u00E8\u00E9\u00EA\u00EB\u00EC\u00ED\u00EE\u00EF" +
        "\u00F0\u00F1\u00F2\u00F3\u00F4\u00F5\u00F6\u00F8\u00F9\u00FA\u00FB\u00FC\u00FD\u00FE\u0101\u0103" +
        "\u0105\u0107\u0109\u010B\u010D\u010F\u0111\u0113\u0115\u0117\u0119\u011B\u011D\u011F\u0121\u0123" +
        "\u0125\u0127\u0129\u012B\u012D\u012Fi\u0307\u0135\u0137\u013A\u013C\u013El\u00B7\u0142" +
        "\u0144\u0146\u0148\u02BCn\u014B\u014D\u014F\u0151\u0153\u0155\u0157\u0159\u015B\u015D\u015F" +
        "\u0161\u0163\u0165\u0167\u0169\u016B\u016D\u016F\u0171\u0173\u0175\u0177\u00FF\u017A\u017C\u017E" +
        "\u0253\u0183\u0185\u0254\u0188\u0256\u0257\u018C\u01DD\u0259\u025B\u0192\u0260\u0263\u0269\u0268" +
        "\u0199\u026F\u0272\u0275\u01A1\u01A3\u01A5\u0280\u01A8\u0283\u01AD\u0288\u01B0\u028A\u028B\u01B4" +
        "\u01B6\u0292\u01B9\u01BDd\u017Eljnj\u01CE\u01D0\u01D2\u01D4\u01D6\u01D8" +
        "\u01DA\u01DC\u01DF\u01E1\u01E3\u01E5\u01E7\u01E9\u01EB\u01ED\u01EFdz\u01F5\u0195\u01BF" +
        "\u01F9\u01FB\u01FD\u01FF\u0201\u0203\u0205\u0207\u0209\u020B\u020D\u020F\u0211\u0213\u0215\u0217" +
        "\u0219\u021B\u021D\u021F\u019E\u0223\u0225\u0227\u0229\u022B\u022D\u022F\u0231\u0233\u2C65\u023C" +
        "\u019A\u2C66\u0242\u0180\u0289\u028C\u0247\u0249\u024B\u024D\u024F\u0266\u0279\u027B\u0281 " +
        "\u0306 \u0307 \u030A \u0328 \u0303 \u030B\u0295\u0300\u0313\u0308\u0301" +
        "\u03B9\u0371\u0373\u02B9\u0377 \u03B9;\u03F3 \u0308\u0301\u03AC\u03AD\u03AE\u03AF" +
        "\u03CC\u03CD\u03CE\u03B1\u03B2\u03B3\u03B4\u03B5\u03B6\u03B7\u03B8\u03BA\u03BB\u03BD\u03BE\u03BF" +
        "\u03C0\u03C1\u03C3\u03C4\u03C5\u03C6\u03C7\u03C8\u03C9\u03CA\u03CB\u03D7\u03D9\u03DB\u03DD\u03DF" +
        "\u03E1\u03E3\u03E5\u03E7\u03E9\u03EB\u03ED\u03EF\u03F8\u03FB\u037B\u037C\u037D\u0450\u0451\u0452" +
        "\u0453\u0454\u0455\u0456\u0457\u0458\u0459\u045A\u045B\u045C\u045D\u045E\u045F\u0430\u0431\u0432" +
        "\u0433\u0434\u0435\u0436\u0437\u0438\u0439\u043A\u043B\u043C\u043D\u043E\u043F\u0440\u0441\u0442" +
        "\u0443\u0444\u0445\u0446\u0447\u0448\u0449\u044A\u044B\u044C\u044D\u044E\u044F\u0461\u0463\u0465" +
        "\u0467\u0469\u046B\u046D\u046F\u0471\u0473\u0475\u0477\u0479\u047B\u047D\u047F\u0481\u048B\u048D" +
        "\u048F\u0491\u0493\u0495\u0497\u0499\u049B\u049D\u049F\u04A1\u04A3\u04A5\u04A7\u04A9\u04AB\u04AD" +
        "\u04AF\u04B1\u04B3\u04B5\u04B7\u04B9\u04BB\u04BD\u04BF\u04CF\u04C2\u04C4\u04C6\u04C8\u04CA\u04CC" +
        "\u04CE\u04D1\u04D3\u04D5\u04D7\u04D9\u04DB\u04DD\u04DF\u04E1\u04E3\u04E5\u04E7\u04E9\u04EB\u04ED" +
        "\u04EF\u04F1\u04F3\u04F5\u04F7\u04F9\u04FB\u04FD\u04FF\u0501\u0503\u0505\u0507\u0509\u050B\u050D" +
        "\u050F\u0511\u0513\u0515\u0517\u0519\u051B\u051D\u051F\u0521\u0523\u0525\u0527\u0529\u052B\u052D" +
        "\u052F\u0561\u0562\u0563\u0564\u0565\u0566\u0567\u0568\u0569\u056A\u056B\u056C\u056D\u056E\u056F" +
        "\u0570\u0571\u0572\u0573\u0574\u0575\u0576\u0577\u0578\u0579\u057A\u057B\u057C\u057D\u057E\u057F" +
        "\u0580\u0581\u0582\u0583\u0584\u0585\u0586\u0565\u0582\u0627\u0674\u0648\u0674\u06C7\u0674\u064A" +
        "\u0674\u0915\u093C\u0916\u093C\u0917\u093C\u091C\u093C\u0921\u093C\u0922\u093C\u092B\u093C\u092F" +
        "\u093C\u09A1\u09BC\u09A2\u09BC\u09AF\u09BC\u0A32\u0A3C\u0A38\u0A3C\u0A16\u0A3C\u0A17\u0A3C\u0A1C" +
        "\u0A3C\u0A2B\u0A3C\u0B21\u0B3C\u0B22\u0B3C\u0E4D\u0E32\u0ECD\u0EB2\u0EAB\u0E99\u0EAB\u0EA1\u0F0B" +
        "\u0F42\u0FB7\u0F4C\u0FB7\u0F51\u0FB7\u0F56\u0FB7\u0F5B\u0FB7\u0F40\u0FB5\u0F71\u0F72\u0F71\u0F74" +
        "\u0FB2\u0F80\u0FB2\u0F71\u0F80\u0FB3\u0F80\u0FB3\u0F71\u0F80\u0F92\u0FB7\u0F9C\u0FB7\u0FA1\u0FB7" +
        "\u0FA6\u0FB7\u0FAB\u0FB7\u0F90\u0FB5\u2D00\u2D01\u2D02\u2D03\u2D04\u2D05\u2D06\u2D07\u2D08\u2D09" +
        "\u2D0A\u2D0B\u2D0C\u2D0D\u2D0E\u2D0F\u2D10\u2D11\u2D12\u2D13\u2D14\u2D15\u2D16\u2D17\u2D18\u2D19" +
        "\u2D1A\u2D1B\u2D1C\u2D1D\u2D1E\u2D1F\u2D20\u2D21\u2D22\u2D23\u2D24\u2D25\u2D27\u2D2D\u10DC\u13F0" +
        "\u13F1\u13F2\u13F3\u13F4\u13F5\uA64B\u1C8A\u10D0\u10D1\u10D2\u10D3\u10D4\u10D5\u10D6\u10D7\u10D8" +
        "\u10D9\u10DA\u10DB\u10DD\u10DE\u10DF\u10E0\u10E1\u10E2\u10E3\u10E4\u10E5\u10E6\u10E7\u10E8\u10E9" +
        "\u10EA\u10EB\u10EC\u10ED\u10EE\u10EF\u10F0\u10F1\u10F2\u10F3\u10F4\u10F5\u10F6\u10F7\u10F8\u10F9" +
        "\u10FA\u10FD\u10FE\u10FF\u0250\u0251\u1D02\u025C\u1D16\u1D17\u1D1D\u1D25\u0252\u0255\u025F\u0261" +
        "\u0265\u026A\u1D7B\u029D\u026D\u1D85\u029F\u0271\u0270\u0273\u0274\u0278\u0282\u01AB\u1D1C\u0290" +
        "\u0291\u1E01\u1E03\u1E05\u1E07\u1E09\u1E0B\u1E0D\u1E0F\u1E11\u1E13\u1E15\u1E17\u1E19\u1E1B\u1E1D" +
        "\u1E1F\u1E21\u1E23\u1E25\u1E27\u1E29\u1E2B\u1E2D\u1E2F\u1E31\u1E33\u1E35\u1E37\u1E39\u1E3B\u1E3D" +
        "\u1E3F\u1E41\u1E43\u1E45\u1E47\u1E49\u1E4B\u1E4D\u1E4F\u1E51\u1E53\u1E55\u1E57\u1E59\u1E5B\u1E5D" +
        "\u1E5F\u1E61\u1E63\u1E65\u1E67\u1E69\u1E6B\u1E6D\u1E6F\u1E71\u1E73\u1E75\u1E77\u1E79\u1E7B\u1E7D" +
        "\u1E7F\u1E81\u1E83\u1E85\u1E87\u1E89\u1E8B\u1E8D\u1E8F\u1E91\u1E93\u1E95a\u02BE\u00DF\u1EA1" +
        "\u1EA3\u1EA5\u1EA7\u1EA9\u1EAB\u1EAD\u1EAF\u1EB1\u1EB3\u1EB5\u1EB7\u1EB9\u1EBB\u1EBD\u1EBF\u1EC1" +
        "\u1EC3\u1EC5\u1EC7\u1EC9\u1ECB\u1ECD\u1ECF\u1ED1\u1ED3\u1ED5\u1ED7\u1ED9\u1EDB\u1EDD\u1EDF\u1EE1" +
        "\u1EE3\u1EE5\u1EE7\u1EE9\u1EEB\u1EED\u1EEF\u1EF1\u1EF3\u1EF5\u1EF7\u1EF9\u1EFB\u1EFD\u1EFF\u1F00" +
        "\u1F01\u1F02\u1F03\u1F04\u1F05\u1F06\u1F07\u1F10\u1F11\u1F12\u1F13\u1F14\u1F15\u1F20\u1F21\u1F22" +
        "\u1F23\u1F24\u1F25\u1F26\u1F27\u1F30\u1F31\u1F32\u1F33\u1F34\u1F35\u1F36\u1F37\u1F40\u1F41\u1F42" +
        "\u1F43\u1F44\u1F45\u1F51\u1F53\u1F55\u1F57\u1F60\u1F61\u1F62\u1F63\u1F64\u1F65\u1F66\u1F67\u1F00" +
        "\u03B9\u1F01\u03B9\u1F02\u03B9\u1F03\u03B9\u1F04\u03B9\u1F05\u03B9\u1F06\u03B9\u1F07\u03B9\u1F20" +
        "\u03B9\u1F21\u03B9\u1F22\u03B9\u1F23\u03B9\u1F24\u03B9\u1F25\u03B9\u1F26\u03B9\u1F27\u03B9\u1F60" +
        "\u03B9\u1F61\u03B9\u1F62\u03B9\u1F63\u03B9\u1F64\u03B9\u1F65\u03B9\u1F66\u03B9\u1F67\u03B9\u1F70" +
        "\u03B9\u03B1\u03B9\u03AC\u03B9\u1FB6\u03B9\u1FB0\u1FB1 \u0313 \u0342 \u0308\u0342" +
        "\u1F74\u03B9\u03B7\u03B9\u03AE\u03B9\u1FC6\u03B9\u1F72 \u0313\u0300 \u0313\u0301 " +
        "\u0313\u0342\u0390\u1FD0\u1FD1\u1F76 \u0314\u0300 \u0314\u0301 \u0314\u0342\u03B0" +
        "\u1FE0\u1FE1\u1F7A\u1FE5 \u0308\u0300`\u1F7C\u03B9\u03C9\u03B9\u03CE\u03B9\u1FF6\u03B9" +
        "\u1F78\u2010 \u0333\u2032\u2032\u2032\u2032\u2032\u2035\u2035\u2035\u2035\u2035!!" +
        " \u0305???!!?056789+\u2212" +
        "=()a/ca/s\u00B0cc/oc/" +
        "u\u00B0fsmteltm\u214E\u05D0\u05D1\u05D2\u05D3f" +
        "ax\u22111\u204471\u204491\u2044101\u20443" +
        "2\u204431\u204452\u204453\u204454\u204451" +
        "\u204465\u204461\u204483\u204485\u204487\u2044" +
        "8iiiiiivviviivii" +
        "iixxixii\u21840\u20443\u222B\u222B\u222B\u222B" +
        "\u222B\u222E\u222E\u222E\u222E\u222E\u3008\u300912131415" +
        "1617181920(1)(2)" +
        "(3)(4)(5)(6)(7)(" +
        "8)(9)(10)(11)(12" +
        ")(13)(14)(15)(16" +
        ")(17)(18)(19)(20" +
        ")(a)(b)(c)(d)(e)" +
        "(f)(g)(h)(i)(j)(" +
        "k)(l)(m)(n)(o)(p" +
        ")(q)(r)(s)(t)(u)" +
        "(v)(w)(x)(y)(z):" +
        ":===\u2ADD\u0338\u2C30\u2C31\u2C32\u2C33\u2C34\u2C35\u2C36\u2C37\u2C38\u2C39" +
        "\u2C3A\u2C3B\u2C3C\u2C3D\u2C3E\u2C3F\u2C40\u2C41\u2C42\u2C43\u2C44\u2C45\u2C46\u2C47\u2C48\u2C49" +
        "\u2C4A\u2C4B\u2C4C\u2C4D\u2C4E\u2C4F\u2C50\u2C51\u2C52\u2C53\u2C54\u2C55\u2C56\u2C57\u2C58\u2C59" +
        "\u2C5A\u2C5B\u2C5C\u2C5D\u2C5E\u2C5F\u2C61\u026B\u1D7D\u027D\u2C68\u2C6A\u2C6C\u2C73\u2C76\u023F" +
        "\u0240\u2C81\u2C83\u2C85\u2C87\u2C89\u2C8B\u2C8D\u2C8F\u2C91\u2C93\u2C95\u2C97\u2C99\u2C9B\u2C9D" +
        "\u2C9F\u2CA1\u2CA3\u2CA5\u2CA7\u2CA9\u2CAB\u2CAD\u2CAF\u2CB1\u2CB3\u2CB5\u2CB7\u2CB9\u2CBB\u2CBD" +
        "\u2CBF\u2CC1\u2CC3\u2CC5\u2CC7\u2CC9\u2CCB\u2CCD\u2CCF\u2CD1\u2CD3\u2CD5\u2CD7\u2CD9\u2CDB\u2CDD" +
        "\u2CDF\u2CE1\u2CE3\u2CEC\u2CEE\u2CF3\u2D61\u6BCD\u9F9F\u4E00\u4E28\u4E36\u4E3F\u4E59\u4E85\u4E8C" +
        "\u4EA0\u4EBA\u513F\u5165\u516B\u5182\u5196\u51AB\u51E0\u51F5\u5200\u529B\u52F9\u5315\u531A\u5338" +
        "\u5341\u535C\u5369\u5382\u53B6\u53C8\u53E3\u56D7\u571F\u58EB\u5902\u590A\u5915\u5927\u5973\u5B50" +
        "\u5B80\u5BF8\u5C0F\u5C22\u5C38\u5C6E\u5C71\u5DDB\u5DE5\u5DF1\u5DFE\u5E72\u5E7A\u5E7F\u5EF4\u5EFE" +
        "\u5F0B\u5F13\u5F50\u5F61\u5F73\u5FC3\u6208\u6236\u624B\u652F\u6534\u6587\u6597\u65A4\u65B9\u65E0" +
        "\u65E5\u66F0\u6708\u6728\u6B20\u6B62\u6B79\u6BB3\u6BCB\u6BD4\u6BDB\u6C0F\u6C14\u6C34\u706B\u722A" +
        "\u7236\u723B\u723F\u7247\u7259\u725B\u72AC\u7384\u7389\u74DC\u74E6\u7518\u751F\u7528\u7530\u758B" +
        "\u7592\u7676\u767D\u76AE\u76BF\u76EE\u77DB\u77E2\u77F3\u793A\u79B8\u79BE\u7A74\u7ACB\u7AF9\u7C73" +
        "\u7CF8\u7F36\u7F51\u7F8A\u7FBD\u8001\u800C\u8012\u8033\u807F\u8089\u81E3\u81EA\u81F3\u81FC\u820C" +
        "\u821B\u821F\u826E\u8272\u8278\u864D\u866B\u8840\u884C\u8863\u897E\u898B\u89D2\u8A00\u8C37\u8C46" +
        "\u8C55\u8C78\u8C9D\u8D64\u8D70\u8DB3\u8EAB\u8ECA\u8F9B\u8FB0\u8FB5\u9091\u9149\u91C6\u91CC\u91D1" +
        "\u9577\u9580\u961C\u96B6\u96B9\u96E8\u9751\u975E\u9762\u9769\u97CB\u97ED\u97F3\u9801\u98A8\u98DB" +
        "\u98DF\u9996\u9999\u99AC\u9AA8\u9AD8\u9ADF\u9B25\u9B2F\u9B32\u9B3C\u9B5A\u9CE5\u9E75\u9E7F\u9EA5" +
        "\u9EBB\u9EC3\u9ECD\u9ED1\u9EF9\u9EFD\u9F0E\u9F13\u9F20\u9F3B\u9F4A\u9F52\u9F8D\u9F9C\u9FA0." +
        "\u3012\u5344\u5345 \u3099 \u309A\u3088\u308A\u30B3\u30C8\u1100\u1101\u11AA\u1102\u11AC" +
        "\u11AD\u1103\u1104\u1105\u11B0\u11B1\u11B2\u11B3\u11B4\u11B5\u111A\u1106\u1107\u1108\u1121\u1109" +
        "\u110A\u110B\u110C\u110D\u110E\u110F\u1110\u1111\u1112\u1161\u1162\u1163\u1164\u1165\u1166\u1167" +
        "\u1168\u1169\u116A\u116B\u116C\u116D\u116E\u116F\u1170\u1171\u1172\u1173\u1174\u1175\u1114\u1115" +
        "\u11C7\u11C8\u11CC\u11CE\u11D3\u11D7\u11D9\u111C\u11DD\u11DF\u111D\u111E\u1120\u1122\u1123\u1127" +
        "\u1129\u112B\u112C\u112D\u112E\u112F\u1132\u1136\u1140\u1147\u114C\u11F1\u11F2\u1157\u1158\u1159" +
        "\u1184\u1185\u1188\u1191\u1192\u1194\u119E\u11A1\u4E09\u56DB\u4E0A\u4E2D\u4E0B\u7532\u4E19\u4E01" +
        "\u5929\u5730(\u1100)(\u1102)(\u1103)(\u1105)(\u1106" +
        ")(\u1107)(\u1109)(\u110B)(\u110C)(\u110E)" +
        "(\u110F)(\u1110)(\u1111)(\u1112)(\uAC00)(" +
        "\uB098)(\uB2E4)(\uB77C)(\uB9C8)(\uBC14)(\uC0AC" +
        ")(\uC544)(\uC790)(\uCC28)(\uCE74)(\uD0C0)" +
        "(\uD30C)(\uD558)(\uC8FC)(\uC624\uC804)(\uC624\uD6C4" +
        ")(\u4E00)(\u4E8C)(\u4E09)(\u56DB)(\u4E94)" +
        "(\u516D)(\u4E03)(\u516B)(\u4E5D)(\u5341)(" +
        "\u6708)(\u706B)(\u6C34)(\u6728)(\u91D1)(\u571F" +
        ")(\u65E5)(\u682A)(\u6709)(\u793E)(\u540D)" +
        "(\u7279)(\u8CA1)(\u795D)(\u52B4)(\u4EE3)(" +
        "\u547C)(\u5B66)(\u76E3)(\u4F01)(\u8CC7)(\u5354" +
        ")(\u796D)(\u4F11)(\u81EA)(\u81F3)\u554F\u5E7C\u7B8F" +
        "pte2224252627282" +
        "930333435\uCC38\uACE0\uC8FC\uC758\uC6B0\u79D8\u7537" +
        "\u9069\u512A\u5370\u6CE8\u9805\u5199\u6B63\u5DE6\u53F3\u533B\u5B97\u591C3637" +
        "3839404445464748" +
        "49501\u67082\u67083\u67084\u67085\u67086\u6708" +
        "7\u67088\u67089\u670810\u670811\u670812\u6708h" +
        "gergevltd\u30A2\u30A4\u30A6\u30A8\u30AA\u30AB\u30AD" +
        "\u30AF\u30B1\u30B5\u30B7\u30B9\u30BB\u30BD\u30BF\u30C1\u30C4\u30C6\u30CA\u30CB\u30CC\u30CD\u30CE" +
        "\u30CF\u30D2\u30D5\u30D8\u30DB\u30DE\u30DF\u30E0\u30E1\u30E2\u30E4\u30E6\u30E8\u30E9\u30EA\u30EB" +
        "\u30EC\u30ED\u30EF\u30F0\u30F1\u30F2\u4EE4\u548C\u30A2\u30D1\u30FC\u30C8\u30A2\u30EB\u30D5\u30A1" +
        "\u30A2\u30F3\u30DA\u30A2\u30A2\u30FC\u30EB\u30A4\u30CB\u30F3\u30B0\u30A4\u30F3\u30C1\u30A6\u30A9" +
        "\u30F3\u30A8\u30B9\u30AF\u30FC\u30C9\u30A8\u30FC\u30AB\u30FC\u30AA\u30F3\u30B9\u30AA\u30FC\u30E0" +
        "\u30AB\u30A4\u30EA\u30AB\u30E9\u30C3\u30C8\u30AB\u30ED\u30EA\u30FC\u30AC\u30ED\u30F3\u30AC\u30F3" +
        "\u30DE\u30AE\u30AC\u30AE\u30CB\u30FC\u30AD\u30E5\u30EA\u30FC\u30AE\u30EB\u30C0\u30FC\u30AD\u30ED" +
        "\u30AD\u30ED\u30B0\u30E9\u30E0\u30AD\u30ED\u30E1\u30FC\u30C8\u30EB\u30AD\u30ED\u30EF\u30C3\u30C8" +
        "\u30B0\u30E9\u30E0\u30C8\u30F3\u30AF\u30EB\u30BC\u30A4\u30ED\u30AF\u30ED\u30FC\u30CD\u30B1\u30FC" +
        "\u30B9\u30B3\u30EB\u30CA\u30B3\u30FC\u30DD\u30B5\u30A4\u30AF\u30EB\u30B5\u30F3\u30C1\u30FC\u30E0" +
        "\u30B7\u30EA\u30F3\u30B0\u30BB\u30F3\u30C1\u30BB\u30F3\u30C8\u30C0\u30FC\u30B9\u30C7\u30B7\u30C9" +
        "\u30EB\u30CA\u30CE\u30CE\u30C3\u30C8\u30CF\u30A4\u30C4\u30D1\u30FC\u30BB\u30F3\u30C8\u30D1\u30FC" +
        "\u30C4\u30D0\u30FC\u30EC\u30EB\u30D4\u30A2\u30B9\u30C8\u30EB\u30D4\u30AF\u30EB\u30D4\u30B3\u30D3" +
        "\u30EB\u30D5\u30A1\u30E9\u30C3\u30C9\u30D5\u30A3\u30FC\u30C8\u30D6\u30C3\u30B7\u30A7\u30EB\u30D5" +
        "\u30E9\u30F3\u30D8\u30AF\u30BF\u30FC\u30EB\u30DA\u30BD\u30DA\u30CB\u30D2\u30D8\u30EB\u30C4\u30DA" +
        "\u30F3\u30B9\u30DA\u30FC\u30B8\u30D9\u30FC\u30BF\u30DD\u30A4\u30F3\u30C8\u30DC\u30EB\u30C8\u30DB" +
        "\u30F3\u30DD\u30F3\u30C9\u30DB\u30FC\u30EB\u30DB\u30FC\u30F3\u30DE\u30A4\u30AF\u30ED\u30DE\u30A4" +
        "\u30EB\u30DE\u30C3\u30CF\u30DE\u30EB\u30AF\u30DE\u30F3\u30B7\u30E7\u30F3\u30DF\u30AF\u30ED\u30F3" +
        "\u30DF\u30EA\u30DF\u30EA\u30D0\u30FC\u30EB\u30E1\u30AC\u30E1\u30AC\u30C8\u30F3\u30E4\u30FC\u30C9" +
        "\u30E4\u30FC\u30EB\u30E6\u30A2\u30F3\u30EA\u30C3\u30C8\u30EB\u30EA\u30E9\u30EB\u30D4\u30FC\u30EB" +
        "\u30FC\u30D6\u30EB\u30EC\u30E0\u30EC\u30F3\u30C8\u30B2\u30F30\u70B91\u70B92\u70B9" +
        "3\u70B94\u70B95\u70B96\u70B97\u70B98\u70B99\u70B910" +
        "\u70B911\u70B912\u70B913\u70B914\u70B915\u70B9" +
        "16\u70B917\u70B918\u70B919\u70B920\u70B92" +
        "1\u70B922\u70B923\u70B924\u70B9hpada" +
        "aubarovpcdmdm2dm" +
        "3iu\u5E73\u6210\u662D\u548C\u5927\u6B63\u660E\u6CBB\u682A\u5F0F\u4F1A\u793En" +
        "a\u03BCamakakbmbgbcal" +
        "kcalpfnf\u03BCf\u03BCgmgkg" +
        "hzkhzmhzthz\u03BClmld" +
        "lfmnm\u03BCmmmcmkmmm2" +
        "cm2km2mm3cm3km3m" +
        "\u2215sm\u2215s2kpampagpar" +
        "adrad\u2215srad\u2215s2psn" +
        "s\u03BCsmspvnv\u03BCvmvkvp" +
        "wnw\u03BCwmwkwk\u03C9m\u03C9bqc" +
        "\u2215kgdbgyhainkkktl" +
        "nloglxmilmolphpp" +
        "mprsvwbv\u2215ma\u2215m1\u65E52" +
        "\u65E53\u65E54\u65E55\u65E56\u65E57\u65E58\u65E59\u65E51" +
        "0\u65E511\u65E512\u65E513\u65E514\u65E515" +
        "\u65E516\u65E517\u65E518\u65E519\u65E520\u65E5" +
        "21\u65E522\u65E523\u65E524\u65E525\u65E52" +
        "6\u65E527\u65E528\u65E529\u65E530\u65E531" +
        "\u65E5gal\uA641\uA643\uA645\uA647\uA649\uA64D\uA64F\uA651\uA653\uA655\uA657\uA659" +
        "\uA65B\uA65D\uA65F\uA661\uA663\uA665\uA667\uA669\uA66B\uA66D\uA681\uA683\uA685\uA687\uA689\uA68B" +
        "\uA68D\uA68F\uA691\uA693\uA695\uA697\uA699\uA69B\uA723\uA725\uA727\uA729\uA72B\uA72D\uA72F\uA733" +
        "\uA735\uA737\uA739\uA73B\uA73D\uA73F\uA741\uA743\uA745\uA747\uA749\uA74B\uA74D\uA74F\uA751\uA753" +
        "\uA755\uA757\uA759\uA75B\uA75D\uA75F\uA761\uA763\uA765\uA767\uA769\uA76B\uA76D\uA76F\uA77A\uA77C" +
        "\u1D79\uA77F\uA781\uA783\uA785\uA787\uA78C\uA791\uA793\uA797\uA799\uA79B\uA79D\uA79F\uA7A1\uA7A3" +
        "\uA7A5\uA7A7\uA7A9\u026C\u029E\u0287\uAB53\uA7B5\uA7B7\uA7B9\uA7BB\uA7BD\uA7BF\uA7C1\uA7C3\uA794" +
        "\u1D8E\uA7C8\uA7CA\u0264\uA7CD\uA7CF\uA7D1\uA7D3\uA7D5\uA7D7\uA7D9\uA7DB\u019B\uA7F6\uAB37\uAB52" +
        "\u028D\u13A0\u13A1\u13A2\u13A3\u13A4\u13A5\u13A6\u13A7\u13A8\u13A9\u13AA\u13AB\u13AC\u13AD\u13AE" +
        "\u13AF\u13B0\u13B1\u13B2\u13B3\u13B4\u13B5\u13B6\u13B7\u13B8\u13B9\u13BA\u13BB\u13BC\u13BD\u13BE" +
        "\u13BF\u13C0\u13C1\u13C2\u13C3\u13C4\u13C5\u13C6\u13C7\u13C8\u13C9\u13CA\u13CB\u13CC\u13CD\u13CE" +
        "\u13CF\u13D0\u13D1\u13D2\u13D3\u13D4\u13D5\u13D6\u13D7\u13D8\u13D9\u13DA\u13DB\u13DC\u13DD\u13DE" +
        "\u13DF\u13E0\u13E1\u13E2\u13E3\u13E4\u13E5\u13E6\u13E7\u13E8\u13E9\u13EA\u13EB\u13EC\u13ED\u13EE" +
        "\u13EF\u8C48\u66F4\u8CC8\u6ED1\u4E32\u53E5\u5951\u5587\u5948\u61F6\u7669\u7F85\u863F\u87BA\u88F8" +
        "\u908F\u6A02\u6D1B\u70D9\u73DE\u843D\u916A\u99F1\u4E82\u5375\u6B04\u721B\u862D\u9E1E\u5D50\u6FEB" +
        "\u85CD\u8964\u62C9\u81D8\u881F\u5ECA\u6717\u6D6A\u72FC\u90CE\u4F86\u51B7\u52DE\u64C4\u6AD3\u7210" +
        "\u76E7\u8606\u865C\u8DEF\u9732\u9B6F\u9DFA\u788C\u797F\u7DA0\u83C9\u9304\u8AD6\u58DF\u5F04\u7C60" +
        "\u807E\u7262\u78CA\u8CC2\u96F7\u58D8\u5C62\u6A13\u6DDA\u6F0F\u7D2F\u7E37\u964B\u52D2\u808B\u51DC" +
        "\u51CC\u7A1C\u7DBE\u83F1\u9675\u8B80\u62CF\u8AFE\u4E39\u5BE7\u6012\u7387\u7570\u5317\u78FB\u4FBF" +
        "\u5FA9\u4E0D\u6CCC\u6578\u7D22\u53C3\u585E\u7701\u8449\u8AAA\u6BBA\u6C88\u62FE\u82E5\u63A0\u7565" +
        "\u4EAE\u5169\u51C9\u6881\u7CE7\u826F\u8AD2\u91CF\u52F5\u5442\u5EEC\u65C5\u6FFE\u792A\u95AD\u9A6A" +
        "\u9E97\u9ECE\u66C6\u6B77\u8F62\u5E74\u6190\u6200\u649A\u6F23\u7149\u7489\u79CA\u7DF4\u806F\u8F26" +
        "\u84EE\u9023\u934A\u5217\u52A3\u54BD\u70C8\u88C2\u5EC9\u5FF5\u637B\u6BAE\u7C3E\u7375\u56F9\u5DBA" +
        "\u601C\u73B2\u7469\u7F9A\u8046\u9234\u96F6\u9748\u9818\u4F8B\u79AE\u91B4\u96B8\u60E1\u4E86\u50DA" +
        "\u5BEE\u5C3F\u6599\u71CE\u7642\u84FC\u907C\u6688\u962E\u5289\u677B\u67F3\u6D41\u6E9C\u7409\u7559" +
        "\u786B\u7D10\u985E\u622E\u9678\u502B\u5D19\u6DEA\u8F2A\u5F8B\u6144\u6817\u9686\u5229\u540F\u5C65" +
        "\u6613\u674E\u68A8\u6CE5\u7406\u75E2\u7F79\u88CF\u88E1\u96E2\u533F\u6EBA\u541D\u71D0\u7498\u85FA" +
        "\u96A3\u9C57\u9E9F\u6797\u6DCB\u81E8\u7B20\u7C92\u72C0\u7099\u8B58\u4EC0\u8336\u523A\u5207\u5EA6" +
        "\u62D3\u7CD6\u5B85\u6D1E\u66B4\u8F3B\u964D\u5ED3\u5140\u55C0\u585A\u6674\u51DE\u732A\u76CA\u793C" +
        "\u795E\u7965\u798F\u9756\u7CBE\u8612\u8AF8\u9038\u90FD\u98EF\u98FC\u9928\u9DB4\u90DE\u96B7\u4FAE" +
        "\u50E7\u514D\u52C9\u52E4\u5351\u559D\u5606\u5668\u5840\u58A8\u5C64\u6094\u6168\u618E\u61F2\u654F" +
        "\u65E2\u6691\u6885\u6D77\u6E1A\u6F22\u716E\u722B\u7422\u7891\u7949\u7948\u7950\u7956\u798D\u798E" +
        "\u7A40\u7A81\u7BC0\u7E09\u7E41\u7F72\u8005\u81ED\u8279\u8457\u8910\u8996\u8B01\u8B39\u8CD3\u8D08" +
        "\u8FB6\u96E3\u97FF\u983B\u6075\uD850\uDEEE\u8218\u4E26\u51B5\u5168\u4F80\u5145\u5180\u52C7\u52FA" +
        "\u5555\u5599\u55E2\u58B3\u5944\u5954\u5A62\u5B28\u5ED2\u5ED9\u5F69\u5FAD\u60D8\u614E\u6108\u6160" +
        "\u6234\u63C4\u641C\u6452\u6556\u671B\u6756\u6EDB\u6ECB\u701E\u77A7\u7235\u72AF\u7471\u7506\u753B" +
        "\u761D\u761F\u76DB\u76F4\u774A\u7740\u78CC\u7AB1\u7C7B\u7D5B\u7F3E\u8352\u83EF\u8779\u8941\u8986" +
        "\u8ABF\u8ACB\u8AED\u8B8A\u8F38\u9072\u9199\u9276\u967C\u97DB\u980B\u9B12\uD84A\uDC4A\uD84A\uDC44" +
        "\uD84C\uDFD5\u3B9D\u4018\u4039\uD854\uDE49\uD857\uDCD0\uD85F\uDED3\u9F43\u9F8Efff" +
        "iflffl\u0574\u0576\u0574\u0565\u0574\u056B\u057E\u0576\u0574\u056D" +
        "\u05D9\u05B4\u05F2\u05B7\u05E2\u05D4\u05DB\u05DC\u05DD\u05E8\u05EA\u05E9\u05C1\u05E9\u05C2\u05E9" +
        "\u05BC\u05C1\u05E9\u05BC\u05C2\u05D0\u05B7\u05D0\u05B8\u05D0\u05BC\u05D1\u05BC\u05D2\u05BC\u05D3" +
        "\u05BC\u05D4\u05BC\u05D5\u05BC\u05D6\u05BC\u05D8\u05BC\u05D9\u05BC\u05DA\u05BC\u05DB\u05BC\u05DC" +
        "\u05BC\u05DE\u05BC\u05E0\u05BC\u05E1\u05BC\u05E3\u05BC\u05E4\u05BC\u05E6\u05BC\u05E7\u05BC\u05E8" +
        "\u05BC\u05EA\u05BC\u05D5\u05B9\u05D1\u05BF\u05DB\u05BF\u05E4\u05BF\u05D0\u05DC\u0671\u067B\u067E" +
        "\u0680\u067A\u067F\u0679\u06A4\u06A6\u0684\u0683\u0686\u0687\u068D\u068C\u068E\u0688\u0698\u0691" +
        "\u06A9\u06AF\u06B3\u06B1\u06BA\u06BB\u06C0\u06C1\u06BE\u06D2\u06D3\u06AD\u06C6\u06C8\u06CB\u06C5" +
        "\u06C9\u06D0\u0649\u0626\u0627\u0626\u06D5\u0626\u0648\u0626\u06C7\u0626\u06C6\u0626\u06C8\u0626" +
        "\u06D0\u0626\u0649\u06CC\u0626\u062C\u0626\u062D\u0626\u0645\u0626\u064A\u0628\u062C\u0628\u062D" +
        "\u0628\u062E\u0628\u0645\u0628\u0649\u0628\u064A\u062A\u062C\u062A\u062D\u062A\u062E\u062A\u0645" +
        "\u062A\u0649\u062A\u064A\u062B\u062C\u062B\u0645\u062B\u0649\u062B\u064A\u062C\u062D\u062C\u0645" +
        "\u062D\u0645\u062E\u062C\u062E\u062D\u062E\u0645\u0633\u062C\u0633\u062D\u0633\u062E\u0633\u0645" +
        "\u0635\u062D\u0635\u0645\u0636\u062C\u0636\u062D\u0636\u062E\u0636\u0645\u0637\u062D\u0637\u0645" +
        "\u0638\u0645\u0639\u062C\u0639\u0645\u063A\u062C\u063A\u0645\u0641\u062C\u0641\u062D\u0641\u062E" +
        "\u0641\u0645\u0641\u0649\u0641\u064A\u0642\u062D\u0642\u0645\u0642\u0649\u0642\u064A\u0643\u0627" +
        "\u0643\u062C\u0643\u062D\u0643\u062E\u0643\u0644\u0643\u0645\u0643\u0649\u0643\u064A\u0644\u062C" +
        "\u0644\u062D\u0644\u062E\u0644\u0645\u0644\u0649\u0644\u064A\u0645\u062C\u0645\u0645\u0645\u0649" +
        "\u0645\u064A\u0646\u062C\u0646\u062D\u0646\u062E\u0646\u0645\u0646\u0649\u0646\u064A\u0647\u062C" +
        "\u0647\u0645\u0647\u0649\u0647\u064A\u064A\u062D\u064A\u062E\u064A\u0649\u0630\u0670\u0631\u0670" +
        "\u0649\u0670 \u064C\u0651 \u064D\u0651 \u064E\u0651 \u064F\u0651 \u0650" +
        "\u0651 \u0651\u0670\u0626\u0631\u0626\u0632\u0626\u0646\u0628\u0631\u0628\u0632\u0628\u0646" +
        "\u062A\u0631\u062A\u0632\u062A\u0646\u062B\u0631\u062B\u0632\u062B\u0646\u0645\u0627\u0646\u0631" +
        "\u0646\u0632\u0646\u0646\u064A\u0631\u064A\u0632\u0626\u062E\u0626\u0647\u0628\u0647\u062A\u0647" +
        "\u0635\u062E\u0644\u0647\u0646\u0647\u0647\u0670\u062B\u0647\u0633\u0647\u0634\u0645\u0634\u0647" +
        "\u0640\u064E\u0651\u0640\u064F\u0651\u0640\u0650\u0651\u0637\u0649\u0637\u064A\u0639\u0649\u0639" +
        "\u064A\u063A\u0649\u063A\u064A\u0633\u0649\u0633\u064A\u0634\u0649\u0634\u064A\u062D\u0649\u062C" +
        "\u0649\u062C\u064A\u062E\u0649\u0635\u0649\u0635\u064A\u0636\u0649\u0636\u064A\u0634\u062C\u0634" +
        "\u062D\u0634\u062E\u0634\u0631\u0633\u0631\u0635\u0631\u0636\u0631\u0627\u064B\u062A\u062C\u0645" +
        "\u062A\u062D\u062C\u062A\u062D\u0645\u062A\u062E\u0645\u062A\u0645\u062C\u062A\u0645\u062D\u062A" +
        "\u0645\u062E\u062D\u0645\u064A\u062D\u0645\u0649\u0633\u062D\u062C\u0633\u062C\u062D\u0633\u062C" +
        "\u0649\u0633\u0645\u062D\u0633\u0645\u062C\u0633\u0645\u0645\u0635\u062D\u062D\u0635\u0645\u0645" +
        "\u0634\u062D\u0645\u0634\u062C\u064A\u0634\u0645\u062E\u0634\u0645\u0645\u0636\u062D\u0649\u0636" +
        "\u062E\u0645\u0637\u0645\u062D\u0637\u0645\u0645\u0637\u0645\u064A\u0639\u062C\u0645\u0639\u0645" +
        "\u0645\u0639\u0645\u0649\u063A\u0645\u0645\u063A\u0645\u064A\u063A\u0645\u0649\u0641\u062E\u0645" +
        "\u0642\u0645\u062D\u0642\u0645\u0645\u0644\u062D\u0645\u0644\u062D\u064A\u0644\u062D\u0649\u0644" +
        "\u062C\u062C\u0644\u062E\u0645\u0644\u0645\u062D\u0645\u062D\u062C\u0645\u062D\u064A\u0645\u062C" +
        "\u062D\u0645\u062E\u0645\u0645\u062C\u062E\u0647\u0645\u062C\u0647\u0645\u0645\u0646\u062D\u0645" +
        "\u0646\u062D\u0649\u0646\u062C\u0645\u0646\u062C\u0649\u0646\u0645\u064A\u0646\u0645\u0649\u064A" +
        "\u0645\u0645\u0628\u062E\u064A\u062A\u062C\u064A\u062A\u062C\u0649\u062A\u062E\u064A\u062A\u062E" +
        "\u0649\u062A\u0645\u064A\u062A\u0645\u0649\u062C\u0645\u064A\u062C\u062D\u0649\u062C\u0645\u0649" +
        "\u0633\u062E\u0649\u0635\u062D\u064A\u0634\u062D\u064A\u0636\u062D\u064A\u0644\u062C\u064A\u0644" +
        "\u0645\u064A\u064A\u062C\u064A\u064A\u0645\u064A\u0645\u0645\u064A\u0642\u0645\u064A\u0646\u062D" +
        "\u064A\u0639\u0645\u064A\u0643\u0645\u064A\u0646\u062C\u062D\u0645\u062E\u064A\u0644\u062C\u0645" +
        "\u0643\u0645\u0645\u062C\u062D\u064A\u062D\u062C\u064A\u0645\u062C\u064A\u0641\u0645\u064A\u0628" +
        "\u062D\u064A\u0633\u062E\u064A\u0646\u062C\u064A\u0635\u0644\u06D2\u0642\u0644\u06D2\u0627\u0644" +
        "\u0644\u0647\u0627\u0643\u0628\u0631\u0645\u062D\u0645\u062F\u0635\u0644\u0639\u0645\u0631\u0633" +
        "\u0648\u0644\u0639\u0644\u064A\u0647\u0648\u0633\u0644\u0645\u0635\u0644\u0649\u0635\u0644\u0649" +
        " \u0627\u0644\u0644\u0647 \u0639\u0644\u064A\u0647 \u0648\u0633\u0644\u0645\u062C" +
        "\u0644 \u062C\u0644\u0627\u0644\u0647\u0631\u06CC\u0627\u0644,\u3001\u3016\u3017\u2014" +
        "\u2013_{}\u3014\u3015\u3010\u3011\u300A\u300B\u300C\u300D\u300E\u300F[]" +
        "#&*-<>\u005C$%@ \u064B\u0640\u064B\u0640\u0651" +
        " \u0652\u0640\u0652\u0621\u0622\u0623\u0624\u0625\u0629\u0644\u0622\u0644\u0623\u0644\u0625" +
        "\u0022'^|~\u2985\u2986\u30FB\u30A5\u30E3\u00A2\u00A3\u00AC\u00A6\u00A5\u20A9" +
        "\u2502\u2190\u2191\u2192\u2193\u25A0\u25CB\uD801\uDC28\uD801\uDC29\uD801\uDC2A\uD801\uDC2B\uD801" +
        "\uDC2C\uD801\uDC2D\uD801\uDC2E\uD801\uDC2F\uD801\uDC30\uD801\uDC31\uD801\uDC32\uD801\uDC33\uD801" +
        "\uDC34\uD801\uDC35\uD801\uDC36\uD801\uDC37\uD801\uDC38\uD801\uDC39\uD801\uDC3A\uD801\uDC3B\uD801" +
        "\uDC3C\uD801\uDC3D\uD801\uDC3E\uD801\uDC3F\uD801\uDC40\uD801\uDC41\uD801\uDC42\uD801\uDC43\uD801" +
        "\uDC44\uD801\uDC45\uD801\uDC46\uD801\uDC47\uD801\uDC48\uD801\uDC49\uD801\uDC4A\uD801\uDC4B\uD801" +
        "\uDC4C\uD801\uDC4D\uD801\uDC4E\uD801\uDC4F\uD801\uDCD8\uD801\uDCD9\uD801\uDCDA\uD801\uDCDB\uD801" +
        "\uDCDC\uD801\uDCDD\uD801\uDCDE\uD801\uDCDF\uD801\uDCE0\uD801\uDCE1\uD801\uDCE2\uD801\uDCE3\uD801" +
        "\uDCE4\uD801\uDCE5\uD801\uDCE6\uD801\uDCE7\uD801\uDCE8\uD801\uDCE9\uD801\uDCEA\uD801\uDCEB\uD801" +
        "\uDCEC\uD801\uDCED\uD801\uDCEE\uD801\uDCEF\uD801\uDCF0\uD801\uDCF1\uD801\uDCF2\uD801\uDCF3\uD801" +
        "\uDCF4\uD801\uDCF5\uD801\uDCF6\uD801\uDCF7\uD801\uDCF8\uD801\uDCF9\uD801\uDCFA\uD801\uDCFB\uD801" +
        "\uDD97\uD801\uDD98\uD801\uDD99\uD801\uDD9A\uD801\uDD9B\uD801\uDD9C\uD801\uDD9D\uD801\uDD9E\uD801" +
        "\uDD9F\uD801\uDDA0\uD801\uDDA1\uD801\uDDA3\uD801\uDDA4\uD801\uDDA5\uD801\uDDA6\uD801\uDDA7\uD801" +
        "\uDDA8\uD801\uDDA9\uD801\uDDAA\uD801\uDDAB\uD801\uDDAC\uD801\uDDAD\uD801\uDDAE\uD801\uDDAF\uD801" +
        "\uDDB0\uD801\uDDB1\uD801\uDDB3\uD801\uDDB4\uD801\uDDB5\uD801\uDDB6\uD801\uDDB7\uD801\uDDB8\uD801" +
        "\uDDB9\uD801\uDDBB\uD801\uDDBC\u02D0\u02D1\u0299\u02A3\uAB66\u02A5\u02A4\u1D91\u0258\u025E\u02A9" +
        "\u0262\u029B\u029C\u0267\u0284\u02AA\u02AB\uD837\uDF04\uA78E\u026E\uD837\uDF05\u028E\uD837\uDF06" +
        "\u0276\u0277\u027A\uD837\uDF08\u027E\u02A8\u02A6\uAB67\u02A7\u2C71\u028F\u02A1\u02A2\u0298\u01C0" +
        "\u01C1\u01C2\uD837\uDF0A\uD837\uDF1E\uD803\uDCC0\uD803\uDCC1\uD803\uDCC2\uD803\uDCC3\uD803\uDCC4" +
        "\uD803\uDCC5\uD803\uDCC6\uD803\uDCC7\uD803\uDCC8\uD803\uDCC9\uD803\uDCCA\uD803\uDCCB\uD803\uDCCC" +
        "\uD803\uDCCD\uD803\uDCCE\uD803\uDCCF\uD803\uDCD0\uD803\uDCD1\uD803\uDCD2\uD803\uDCD3\uD803\uDCD4" +
        "\uD803\uDCD5\uD803\uDCD6\uD803\uDCD7\uD803\uDCD8\uD803\uDCD9\uD803\uDCDA\uD803\uDCDB\uD803\uDCDC" +
        "\uD803\uDCDD\uD803\uDCDE\uD803\uDCDF\uD803\uDCE0\uD803\uDCE1\uD803\uDCE2\uD803\uDCE3\uD803\uDCE4" +
        "\uD803\uDCE5\uD803\uDCE6\uD803\uDCE7\uD803\uDCE8\uD803\uDCE9\uD803\uDCEA\uD803\uDCEB\uD803\uDCEC" +
        "\uD803\uDCED\uD803\uDCEE\uD803\uDCEF\uD803\uDCF0\uD803\uDCF1\uD803\uDCF2\uD803\uDD70\uD803\uDD71" +
        "\uD803\uDD72\uD803\uDD73\uD803\uDD74\uD803\uDD75\uD803\uDD76\uD803\uDD77\uD803\uDD78\uD803\uDD79" +
        "\uD803\uDD7A\uD803\uDD7B\uD803\uDD7C\uD803\uDD7D\uD803\uDD7E\uD803\uDD7F\uD803\uDD80\uD803\uDD81" +
        "\uD803\uDD82\uD803\uDD83\uD803\uDD84\uD803\uDD85\uD806\uDCC0\uD806\uDCC1\uD806\uDCC2\uD806\uDCC3" +
        "\uD806\uDCC4\uD806\uDCC5\uD806\uDCC6\uD806\uDCC7\uD806\uDCC8\uD806\uDCC9\uD806\uDCCA\uD806\uDCCB" +
        "\uD806\uDCCC\uD806\uDCCD\uD806\uDCCE\uD806\uDCCF\uD806\uDCD0\uD806\uDCD1\uD806\uDCD2\uD806\uDCD3" +
        "\uD806\uDCD4\uD806\uDCD5\uD806\uDCD6\uD806\uDCD7\uD806\uDCD8\uD806\uDCD9\uD806\uDCDA\uD806\uDCDB" +
        "\uD806\uDCDC\uD806\uDCDD\uD806\uDCDE\uD806\uDCDF\uD81B\uDE60\uD81B\uDE61\uD81B\uDE62\uD81B\uDE63" +
        "\uD81B\uDE64\uD81B\uDE65\uD81B\uDE66\uD81B\uDE67\uD81B\uDE68\uD81B\uDE69\uD81B\uDE6A\uD81B\uDE6B" +
        "\uD81B\uDE6C\uD81B\uDE6D\uD81B\uDE6E\uD81B\uDE6F\uD81B\uDE70\uD81B\uDE71\uD81B\uDE72\uD81B\uDE73" +
        "\uD81B\uDE74\uD81B\uDE75\uD81B\uDE76\uD81B\uDE77\uD81B\uDE78\uD81B\uDE79\uD81B\uDE7A\uD81B\uDE7B" +
        "\uD81B\uDE7C\uD81B\uDE7D\uD81B\uDE7E\uD81B\uDE7F\uD81B\uDEBB\uD81B\uDEBC\uD81B\uDEBD\uD81B\uDEBE" +
        "\uD81B\uDEBF\uD81B\uDEC0\uD81B\uDEC1\uD81B\uDEC2\uD81B\uDEC3\uD81B\uDEC4\uD81B\uDEC5\uD81B\uDEC6" +
        "\uD81B\uDEC7\uD81B\uDEC8\uD81B\uDEC9\uD81B\uDECA\uD81B\uDECB\uD81B\uDECC\uD81B\uDECD\uD81B\uDECE" +
        "\uD81B\uDECF\uD81B\uDED0\uD81B\uDED1\uD81B\uDED2\uD81B\uDED3\uD834\uDD57\uD834\uDD65\uD834\uDD58" +
        "\uD834\uDD65\uD834\uDD58\uD834\uDD65\uD834\uDD6E\uD834\uDD58\uD834\uDD65\uD834\uDD6F\uD834\uDD58" +
        "\uD834\uDD65\uD834\uDD70\uD834\uDD58\uD834\uDD65\uD834\uDD71\uD834\uDD58\uD834\uDD65\uD834\uDD72" +
        "\uD834\uDDB9\uD834\uDD65\uD834\uDDBA\uD834\uDD65\uD834\uDDB9\uD834\uDD65\uD834\uDD6E\uD834\uDDBA" +
        "\uD834\uDD65\uD834\uDD6E\uD834\uDDB9\uD834\uDD65\uD834\uDD6F\uD834\uDDBA\uD834\uDD65\uD834\uDD6F" +
        "\u0131\u0237\u2207\u2202\uD83A\uDD22\uD83A\uDD23\uD83A\uDD24\uD83A\uDD25\uD83A\uDD26\uD83A\uDD27" +
        "\uD83A\uDD28\uD83A\uDD29\uD83A\uDD2A\uD83A\uDD2B\uD83A\uDD2C\uD83A\uDD2D\uD83A\uDD2E\uD83A\uDD2F" +
        "\uD83A\uDD30\uD83A\uDD31\uD83A\uDD32\uD83A\uDD33\uD83A\uDD34\uD83A\uDD35\uD83A\uDD36\uD83A\uDD37" +
        "\uD83A\uDD38\uD83A\uDD39\uD83A\uDD3A\uD83A\uDD3B\uD83A\uDD3C\uD83A\uDD3D\uD83A\uDD3E\uD83A\uDD3F" +
        "\uD83A\uDD40\uD83A\uDD41\uD83A\uDD42\uD83A\uDD43\u066E\u06A1\u066F0,1,2" +
        ",3,4,5,6,7,8,9,\u3014" +
        "s\u3015wzhvsdssppvwcm" +
        "rdj\u307B\u304B\u30B3\u30B3\u5B57\u53CC\u591A\u89E3\u4EA4\u6620\u7121\u524D\u5F8C" +
        "\u518D\u65B0\u521D\u7D42\u8CA9\u58F0\u5439\u6F14\u6295\u6355\u904A\u6307\u6253\u7981\u7A7A\u5408" +
        "\u6E80\u7533\u5272\u55B6\u914D\u3014\u672C\u3015\u3014\u4E09\u3015\u3014\u4E8C\u3015\u3014\u5B89" +
        "\u3015\u3014\u70B9\u3015\u3014\u6253\u3015\u3014\u76D7\u3015\u3014\u52DD\u3015\u3014\u6557\u3015" +
        "\u5F97\u53EF\u4E3D\u4E38\u4E41\uD840\uDD22\u4F60\u4FBB\u5002\u507A\u5099\u50CF\u349E\uD841\uDE3A" +
        "\u5154\u5164\u5177\uD841\uDD1C\u34B9\u5167\uD841\uDD4B\u5197\u51A4\u4ECC\u51AC\uD864\uDDDF\u5203" +
        "\u34DF\u523B\u5246\u5277\u3515\u5305\u5306\u5349\u535A\u5373\u537D\u537F\uD842\uDE2C\u7070\u53CA" +
        "\u53DF\uD842\uDF63\u53EB\u53F1\u5406\u549E\u5438\u5448\u5468\u54A2\u54F6\u5510\u5553\u5563\u5584" +
        "\u55AB\u55B3\u55C2\u5716\u5717\u5651\u5674\u58EE\u57CE\u57F4\u580D\u578B\u5832\u5831\u58AC\uD845" +
        "\uDCE4\u58F2\u58F7\u5906\u5922\u5962\uD845\uDEA8\uD845\uDEEA\u59EC\u5A1B\u5A27\u59D8\u5A66\u36EE" +
        "\u36FC\u5B08\u5B3E\uD846\uDDC8\u5BC3\u5BD8\u5BF3\uD846\uDF18\u5BFF\u5C06\u5F53\u3781\u5C60\u5CC0" +
        "\u5C8D\uD847\uDDE4\u5D43\uD847\uDDE6\u5D6E\u5D6B\u5D7C\u5DE1\u5DE2\u382F\u5DFD\u5E28\u5E3D\u5E69" +
        "\u3862\uD848\uDD83\u387C\u5EB0\u5EB3\u5EB6\uD868\uDF92\uD848\uDF31\u8201\u5F22\u38C7\uD84C\uDEB8" +
        "\uD858\uDDDA\u5F62\u5F6B\u38E3\u5F9A\u5FCD\u5FD7\u5FF9\u6081\u393A\u391C\uD849\uDED4\u60C7\u6148" +
        "\u614C\u617A\u61B2\u61A4\u61AF\u61DE\u621B\u625D\u62B1\u62D4\u6350\uD84A\uDF0C\u633D\u62FC\u6368" +
        "\u6383\u63E4\uD84A\uDFF1\u6422\u63C5\u63A9\u3A2E\u6469\u647E\u649D\u6477\u3A6C\u656C\uD84C\uDC0A" +
        "\u65E3\u66F8\u6649\u3B19\u3B08\u3AE4\u5192\u5195\u6700\u669C\u80AD\u43D9\u6721\u675E\u6753\uD84C" +
        "\uDFC3\u3B49\u67FA\u6785\u6852\uD84D\uDC6D\u688E\u681F\u6914\u6942\u69A3\u69EA\u6AA8\uD84D\uDEA3" +
        "\u6ADB\u3C18\u6B21\uD84E\uDCA7\u6B54\u3C4E\u6B72\u6B9F\u6BBB\uD84E\uDE8D\uD847\uDD0B\uD84E\uDEFA" +
        "\u6C4E\uD84F\uDCBC\u6CBF\u6CCD\u6C67\u6D16\u6D3E\u6D69\u6D78\u6D85\uD84F\uDD1E\u6D34\u6E2F\u6E6E" +
        "\u3D33\u6EC7\uD84F\uDED1\u6DF9\u6F6E\uD84F\uDF5E\uD84F\uDF8E\u6FC6\u7039\u701B\u3D96\u704A\u707D" +
        "\u7077\u70AD\uD841\uDD25\u7145\uD850\uDE63\u719C\uD850\uDFAB\u7228\u7250\uD851\uDE08\u7280\u7295" +
        "\uD851\uDF35\uD852\uDC14\u737A\u738B\u3EAC\u73A5\u3EB8\u7447\u745C\u7485\u74CA\u3F1B\u7524\uD853" +
        "\uDC36\u753E\uD853\uDC92\uD848\uDD9F\u7610\uD853\uDFA1\uD853\uDFB8\uD854\uDC44\u3FFC\u4008\uD854" +
        "\uDCF3\uD854\uDCF2\uD854\uDD19\uD854\uDD33\u771E\u771F\u778B\u4046\u4096\uD855\uDC1D\u784E\u40E3" +
        "\uD855\uDE26\uD855\uDE9A\uD855\uDEC5\u79EB\u412F\u7A4A\u7A4F\uD856\uDD7C\uD856\uDEA7\u7AEE\u4202" +
        "\uD856\uDFAB\u7BC6\u7BC9\u4227\uD857\uDC80\u7CD2\u42A0\u7CE8\u7CE3\u7D00\uD857\uDF86\u7D63\u4301" +
        "\u7DC7\u7E02\u7E45\u4334\uD858\uDE28\uD858\uDE47\u4359\uD858\uDED9\u7F7A\uD858\uDF3E\u7F95\u7FFA" +
        "\uD859\uDCDA\uD859\uDD23\u8060\uD859\uDDA8\u8070\uD84C\uDF5F\u43D5\u80B2\u8103\u440B\u813E\u5AB5" +
        "\uD859\uDFA7\uD859\uDFB5\uD84C\uDF93\uD84C\uDF9C\u8204\u8F9E\u446B\u8291\u828B\u829D\u52B3\u82B1" +
        "\u82B3\u82BD\u82E6\uD85A\uDF3C\u831D\u8363\u83AD\u8323\u83BD\u83E7\u8353\u83CA\u83CC\u83DC\uD85B" +
        "\uDC36\uD85B\uDD6B\uD85B\uDCD5\u452B\u84F1\u84F3\u8516\uD85C\uDFCA\u8564\uD85B\uDF2C\u455D\u4561" +
        "\uD85B\uDFB1\uD85C\uDCD2\u456B\u8650\u8667\u8669\u86A9\u8688\u870E\u86E2\u8728\u876B\u8786\u45D7" +
        "\u87E1\u8801\u45F9\u8860\uD85D\uDE67\u88D7\u88DE\u4635\u88FA\u34BB\uD85E\uDCAE\uD85E\uDD66\u46BE" +
        "\u46C7\u8AA0\uD85F\uDCA8\u8CAB\u8CC1\u8D1B\u8D77\uD85F\uDF2F\uD842\uDC04\u8DCB\u8DBC\u8DF0\uD842" +
        "\uDCDE\u8ED4\uD861\uDDD2\uD861\uDDED\u9094\u90F1\u9111\uD861\uDF2E\u911B\u9238\u92D7\u92D8\u927C" +
        "\u93F9\u9415\uD862\uDFFA\u958B\u4995\u95B7\uD863\uDD77\u49E6\u96C3\u5DB2\u9723\uD864\uDD45\uD864" +
        "\uDE1A\u4A6E\u4A76\u97E0\uD865\uDC0A\u4AB2\uD865\uDC96\u9829\uD865\uDDB6\u98E2\u4B33\u9929\u99A7" +
        "\u99C2\u99FE\u4BCE\uD866\uDF30\u9C40\u9CFD\u4CCE\u4CED\u9D67\uD868\uDCCE\u4CF8\uD868\uDD05\uD868" +
        "\uDE0E\uD868\uDE91\u4D56\u9EFE\u9F05\u9F0F\u9F16\uD869\uDE00";

    private static ReadOnlySpan<int> PropertyStarts =>
    [
        0x0, 0x9, 0xE, 0x1C, 0x21, 0x23, 0x26, 0x2B, 0x2C, 0x2D, 0x2E, 0x30,
        0x3A, 0x3B, 0x41, 0x5B, 0x61, 0x7B, 0x7F, 0x85, 0x86, 0xA0, 0xA1, 0xA2,
        0xA6, 0xAA, 0xAB, 0xAD, 0xAE, 0xB0, 0xB2, 0xB4, 0xB5, 0xB6, 0xB9, 0xBA,
        0xBB, 0xC0, 0xD7, 0xD8, 0xF7, 0xF8, 0x2B9, 0x2BB, 0x2C2, 0x2D0, 0x2D2, 0x2E0,
        0x2E5, 0x2EE, 0x2EF, 0x300, 0x370, 0x374, 0x376, 0x37E, 0x37F, 0x384, 0x386, 0x387,
        0x388, 0x3F6, 0x3F7, 0x483, 0x48A, 0x58A, 0x58B, 0x58D, 0x58F, 0x590, 0x591, 0x5BE,
        0x5BF, 0x5C0, 0x5C1, 0x5C3, 0x5C4, 0x5C6, 0x5C7, 0x5C8, 0x600, 0x606, 0x608, 0x609,
        0x60B, 0x60C, 0x60D, 0x60E, 0x610, 0x61B, 0x61C, 0x61D, 0x620, 0x621, 0x622, 0x626,
        0x627, 0x628, 0x629, 0x62A, 0x62F, 0x633, 0x640, 0x641, 0x648, 0x649, 0x64B, 0x660,
        0x66A, 0x66B, 0x66D, 0x66E, 0x670, 0x671, 0x674, 0x675, 0x678, 0x688, 0x69A, 0x6C0,
        0x6C1, 0x6C3, 0x6CC, 0x6CD, 0x6CE, 0x6CF, 0x6D0, 0x6D2, 0x6D4, 0x6D5, 0x6D6, 0x6DD,
        0x6DE, 0x6DF, 0x6E5, 0x6E7, 0x6E9, 0x6EA, 0x6EE, 0x6F0, 0x6FA, 0x6FD, 0x6FF, 0x700,
        0x70F, 0x710, 0x711, 0x712, 0x715, 0x71A, 0x71E, 0x71F, 0x728, 0x729, 0x72A, 0x72B,
        0x72C, 0x72D, 0x72F, 0x730, 0x74B, 0x74D, 0x74E, 0x759, 0x75C, 0x76B, 0x76D, 0x771,
        0x772, 0x773, 0x775, 0x778, 0x77A, 0x780, 0x7A6, 0x7B1, 0x7C0, 0x7CA, 0x7EB, 0x7F4,
        0x7F6, 0x7FA, 0x7FB, 0x7FD, 0x7FE, 0x816, 0x81A, 0x81B, 0x824, 0x825, 0x828, 0x829,
        0x82E, 0x840, 0x841, 0x846, 0x848, 0x849, 0x84A, 0x854, 0x855, 0x856, 0x859, 0x85C,
        0x860, 0x861, 0x862, 0x866, 0x867, 0x868, 0x869, 0x86B, 0x870, 0x883, 0x886, 0x887,
        0x889, 0x88E, 0x88F, 0x890, 0x892, 0x897, 0x8A0, 0x8AA, 0x8AD, 0x8AE, 0x8AF, 0x8B1,
        0x8B3, 0x8B9, 0x8BA, 0x8C9, 0x8CA, 0x8E2, 0x8E3, 0x903, 0x904, 0x93A, 0x93B, 0x93C,
        0x93D, 0x93E, 0x941, 0x949, 0x94D, 0x94E, 0x950, 0x951, 0x958, 0x962, 0x964, 0x981,
        0x982, 0x984, 0x9BC, 0x9BD, 0x9BE, 0x9C1, 0x9C5, 0x9C7, 0x9C9, 0x9CB, 0x9CD, 0x9CE,
        0x9D7, 0x9D8, 0x9E2, 0x9E4, 0x9F2, 0x9F4, 0x9FB, 0x9FC, 0x9FE, 0x9FF, 0xA01, 0xA03,
        0xA04, 0xA3C, 0xA3D, 0xA3E, 0xA41, 0xA43, 0xA47, 0xA49, 0xA4B, 0xA4D, 0xA4E, 0xA51,
        0xA52, 0xA70, 0xA72, 0xA75, 0xA76, 0xA81, 0xA83, 0xA84, 0xABC, 0xABD, 0xABE, 0xAC1,
        0xAC6, 0xAC7, 0xAC9, 0xACA, 0xACB, 0xACD, 0xACE, 0xAE2, 0xAE4, 0xAF1, 0xAF2, 0xAFA,
        0xB00, 0xB01, 0xB02, 0xB04, 0xB3C, 0xB3D, 0xB3E, 0xB3F, 0xB40, 0xB41, 0xB45, 0xB47,
        0xB49, 0xB4B, 0xB4D, 0xB4E, 0xB55, 0xB57, 0xB58, 0xB62, 0xB64, 0xB82, 0xB83, 0xBBE,
        0xBC0, 0xBC1, 0xBC3, 0xBC6, 0xBC9, 0xBCA, 0xBCD, 0xBCE, 0xBD7, 0xBD8, 0xBF3, 0xBF9,
        0xBFA, 0xBFB, 0xC00, 0xC01, 0xC04, 0xC05, 0xC3C, 0xC3D, 0xC3E, 0xC41, 0xC45, 0xC46,
        0xC49, 0xC4A, 0xC4D, 0xC4E, 0xC55, 0xC57, 0xC62, 0xC64, 0xC78, 0xC7F, 0xC81, 0xC82,
        0xC84, 0xCBC, 0xCBD, 0xCBE, 0xCBF, 0xCC0, 0xCC5, 0xCC6, 0xCC7, 0xCC9, 0xCCA, 0xCCC,
        0xCCD, 0xCCE, 0xCD5, 0xCD7, 0xCE2, 0xCE4, 0xCF3, 0xCF4, 0xD00, 0xD02, 0xD04, 0xD3B,
        0xD3D, 0xD3E, 0xD41, 0xD45, 0xD46, 0xD49, 0xD4A, 0xD4D, 0xD4E, 0xD57, 0xD58, 0xD62,
        0xD64, 0xD81, 0xD82, 0xD84, 0xDCA, 0xDCB, 0xDCF, 0xDD2, 0xDD5, 0xDD6, 0xDD7, 0xDD8,
        0xDE0, 0xDF2, 0xDF4, 0xE31, 0xE32, 0xE34, 0xE3A, 0xE3B, 0xE3F, 0xE40, 0xE47, 0xE4F,
        0xEB1, 0xEB2, 0xEB4, 0xEBA, 0xEBB, 0xEBD, 0xEC8, 0xECF, 0xF18, 0xF1A, 0xF35, 0xF36,
        0xF37, 0xF38, 0xF39, 0xF3A, 0xF3E, 0xF40, 0xF71, 0xF7F, 0xF80, 0xF84, 0xF85, 0xF86,
        0xF88, 0xF8D, 0xF98, 0xF99, 0xFBD, 0xFC6, 0xFC7, 0x102B, 0x102D, 0x1031, 0x1032, 0x1038,
        0x1039, 0x103B, 0x103D, 0x103F, 0x1056, 0x1058, 0x105A, 0x105E, 0x1061, 0x1062, 0x1065, 0x1067,
        0x106E, 0x1071, 0x1075, 0x1082, 0x1083, 0x1085, 0x1087, 0x108D, 0x108E, 0x108F, 0x1090, 0x109A,
        0x109D, 0x109E, 0x135D, 0x1360, 0x1390, 0x139A, 0x1400, 0x1401, 0x1680, 0x1681, 0x169B, 0x169D,
        0x1712, 0x1714, 0x1715, 0x1716, 0x1732, 0x1734, 0x1735, 0x1752, 0x1754, 0x1772, 0x1774, 0x17B4,
        0x17B6, 0x17B7, 0x17BE, 0x17C6, 0x17C7, 0x17C9, 0x17D2, 0x17D3, 0x17D4, 0x17DB, 0x17DC, 0x17DD,
        0x17DE, 0x17F0, 0x17FA, 0x1800, 0x1807, 0x1808, 0x180A, 0x180B, 0x180E, 0x180F, 0x1810, 0x1820,
        0x1879, 0x1885, 0x1887, 0x18A9, 0x18AA, 0x18AB, 0x1920, 0x1923, 0x1927, 0x1929, 0x192C, 0x1930,
        0x1932, 0x1933, 0x1939, 0x193C, 0x1940, 0x1941, 0x1944, 0x1946, 0x19DE, 0x1A00, 0x1A17, 0x1A19,
        0x1A1B, 0x1A1C, 0x1A55, 0x1A56, 0x1A57, 0x1A58, 0x1A5F, 0x1A60, 0x1A61, 0x1A62, 0x1A63, 0x1A65,
        0x1A6D, 0x1A73, 0x1A7D, 0x1A7F, 0x1A80, 0x1AB0, 0x1ADE, 0x1AE0, 0x1AEC, 0x1B00, 0x1B04, 0x1B05,
        0x1B34, 0x1B35, 0x1B36, 0x1B3B, 0x1B3C, 0x1B3D, 0x1B42, 0x1B43, 0x1B44, 0x1B45, 0x1B6B, 0x1B74,
        0x1B80, 0x1B82, 0x1B83, 0x1BA1, 0x1BA2, 0x1BA6, 0x1BA8, 0x1BAA, 0x1BAB, 0x1BAC, 0x1BAE, 0x1BE6,
        0x1BE7, 0x1BE8, 0x1BEA, 0x1BED, 0x1BEE, 0x1BEF, 0x1BF2, 0x1BF4, 0x1C24, 0x1C2C, 0x1C34, 0x1C36,
        0x1C38, 0x1CD0, 0x1CD3, 0x1CD4, 0x1CE1, 0x1CE2, 0x1CE9, 0x1CED, 0x1CEE, 0x1CF4, 0x1CF5, 0x1CF7,
        0x1CF8, 0x1CFA, 0x1DC0, 0x1E00, 0x1FBD, 0x1FBE, 0x1FBF, 0x1FC2, 0x1FCD, 0x1FD0, 0x1FDD, 0x1FE0,
        0x1FED, 0x1FF0, 0x1FFD, 0x1FFF, 0x2000, 0x200B, 0x200C, 0x200D, 0x200E, 0x200F, 0x2010, 0x2028,
        0x202A, 0x202F, 0x2030, 0x2035, 0x2044, 0x2045, 0x205F, 0x2060, 0x2065, 0x2066, 0x206A, 0x2070,
        0x2071, 0x2074, 0x207A, 0x207C, 0x207F, 0x2080, 0x208A, 0x208C, 0x208F, 0x20A0, 0x20D0, 0x20F1,
        0x2100, 0x2102, 0x2103, 0x2107, 0x2108, 0x210A, 0x2114, 0x2115, 0x2116, 0x2119, 0x211E, 0x2124,
        0x2125, 0x2126, 0x2127, 0x2128, 0x2129, 0x212A, 0x212E, 0x212F, 0x213A, 0x213C, 0x2140, 0x2145,
        0x214A, 0x214E, 0x2150, 0x2160, 0x2189, 0x218C, 0x2190, 0x2212, 0x2213, 0x2214, 0x2336, 0x237B,
        0x2395, 0x2396, 0x242A, 0x2440, 0x244B, 0x2460, 0x2488, 0x249C, 0x24EA, 0x26AC, 0x26AD, 0x2800,
        0x2900, 0x2B74, 0x2B76, 0x2C00, 0x2CE5, 0x2CEB, 0x2CEF, 0x2CF2, 0x2CF9, 0x2D00, 0x2D7F, 0x2D80,
        0x2DE0, 0x2E00, 0x2E5E, 0x2E80, 0x2E9A, 0x2E9B, 0x2EF4, 0x2F00, 0x2FD6, 0x2FF0, 0x3000, 0x3001,
        0x3005, 0x3008, 0x3021, 0x302A, 0x302E, 0x3030, 0x3031, 0x3036, 0x3038, 0x303D, 0x3040, 0x3099,
        0x309B, 0x309D, 0x30A0, 0x30A1, 0x30FB, 0x30FC, 0x31C0, 0x31E6, 0x31EF, 0x31F0, 0x321D, 0x321F,
        0x3250, 0x3260, 0x327C, 0x327F, 0x32B1, 0x32C0, 0x32CC, 0x32D0, 0x3377, 0x337B, 0x33DE, 0x33E0,
        0x33FF, 0x3400, 0x4DC0, 0x4E00, 0xA490, 0xA4C7, 0xA60D, 0xA610, 0xA66F, 0xA673, 0xA674, 0xA67E,
        0xA680, 0xA69E, 0xA6A0, 0xA6F0, 0xA6F2, 0xA700, 0xA722, 0xA788, 0xA789, 0xA802, 0xA803, 0xA806,
        0xA807, 0xA80B, 0xA80C, 0xA823, 0xA825, 0xA827, 0xA828, 0xA82C, 0xA82D, 0xA838, 0xA83A, 0xA840,
        0xA872, 0xA873, 0xA874, 0xA878, 0xA880, 0xA882, 0xA8B4, 0xA8C4, 0xA8C5, 0xA8C6, 0xA8E0, 0xA8F2,
        0xA8FF, 0xA900, 0xA926, 0xA92E, 0xA947, 0xA952, 0xA953, 0xA954, 0xA980, 0xA983, 0xA984, 0xA9B3,
        0xA9B4, 0xA9B6, 0xA9BA, 0xA9BC, 0xA9BE, 0xA9C0, 0xA9C1, 0xA9E5, 0xA9E6, 0xAA29, 0xAA2F, 0xAA31,
        0xAA33, 0xAA35, 0xAA37, 0xAA43, 0xAA44, 0xAA4C, 0xAA4D, 0xAA4E, 0xAA7B, 0xAA7C, 0xAA7D, 0xAA7E,
        0xAAB0, 0xAAB1, 0xAAB2, 0xAAB5, 0xAAB7, 0xAAB9, 0xAABE, 0xAAC0, 0xAAC1, 0xAAC2, 0xAAEB, 0xAAEC,
        0xAAEE, 0xAAF0, 0xAAF5, 0xAAF6, 0xAAF7, 0xAB6A, 0xAB6C, 0xABE3, 0xABE5, 0xABE6, 0xABE8, 0xABE9,
        0xABEB, 0xABEC, 0xABED, 0xABEE, 0xFB1D, 0xFB1E, 0xFB1F, 0xFB29, 0xFB2A, 0xFB50, 0xFBC3, 0xFBD3,
        0xFD3E, 0xFD50, 0xFD90, 0xFD92, 0xFDC8, 0xFDD0, 0xFDF0, 0xFDFD, 0xFE00, 0xFE10, 0xFE1A, 0xFE20,
        0xFE30, 0xFE50, 0xFE51, 0xFE52, 0xFE53, 0xFE54, 0xFE55, 0xFE56, 0xFE5F, 0xFE60, 0xFE62, 0xFE64,
        0xFE67, 0xFE68, 0xFE69, 0xFE6B, 0xFE6C, 0xFE70, 0xFEFF, 0xFF00, 0xFF01, 0xFF03, 0xFF06, 0xFF0B,
        0xFF0C, 0xFF0D, 0xFF0E, 0xFF10, 0xFF1A, 0xFF1B, 0xFF21, 0xFF3B, 0xFF41, 0xFF5B, 0xFF66, 0xFFE0,
        0xFFE2, 0xFFE5, 0xFFE7, 0xFFE8, 0xFFEF, 0xFFF0, 0xFFF9, 0xFFFC, 0xFFFE, 0x10000, 0x10101, 0x10102,
        0x10140, 0x1018D, 0x10190, 0x1019D, 0x101A0, 0x101A1, 0x101FD, 0x101FE, 0x102E0, 0x102E1, 0x102FC, 0x10376,
        0x1037B, 0x10800, 0x1091F, 0x10920, 0x10A01, 0x10A04, 0x10A05, 0x10A07, 0x10A0C, 0x10A10, 0x10A38, 0x10A3B,
        0x10A3F, 0x10A40, 0x10AC0, 0x10AC5, 0x10AC6, 0x10AC7, 0x10AC8, 0x10AC9, 0x10ACB, 0x10ACD, 0x10ACE, 0x10AD3,
        0x10AD7, 0x10AD8, 0x10ADD, 0x10ADE, 0x10AE1, 0x10AE2, 0x10AE4, 0x10AE5, 0x10AE7, 0x10AEB, 0x10AEF, 0x10AF0,
        0x10B39, 0x10B40, 0x10B80, 0x10B81, 0x10B82, 0x10B83, 0x10B86, 0x10B89, 0x10B8A, 0x10B8C, 0x10B8D, 0x10B8E,
        0x10B90, 0x10B91, 0x10B92, 0x10BA9, 0x10BAD, 0x10BAF, 0x10D00, 0x10D01, 0x10D22, 0x10D23, 0x10D24, 0x10D28,
        0x10D30, 0x10D3A, 0x10D40, 0x10D4A, 0x10D69, 0x10D6E, 0x10D6F, 0x10E60, 0x10E7F, 0x10EAB, 0x10EAD, 0x10EC0,
        0x10EC2, 0x10EC3, 0x10EC5, 0x10EC6, 0x10EC8, 0x10ED0, 0x10ED9, 0x10EFA, 0x10F00, 0x10F30, 0x10F33, 0x10F34,
        0x10F45, 0x10F46, 0x10F51, 0x10F54, 0x10F55, 0x10F70, 0x10F74, 0x10F76, 0x10F82, 0x10F86, 0x10FB0, 0x10FB1,
        0x10FB2, 0x10FB4, 0x10FB7, 0x10FB8, 0x10FB9, 0x10FBB, 0x10FBD, 0x10FBE, 0x10FC0, 0x10FC1, 0x10FC2, 0x10FC4,
        0x10FC5, 0x10FC9, 0x10FCA, 0x10FCB, 0x10FCC, 0x11000, 0x11001, 0x11002, 0x11003, 0x11038, 0x11046, 0x11047,
        0x11052, 0x11066, 0x11070, 0x11071, 0x11073, 0x11075, 0x1107F, 0x11080, 0x11082, 0x11083, 0x110B0, 0x110B3,
        0x110B7, 0x110B9, 0x110BA, 0x110BB, 0x110C2, 0x110C3, 0x11100, 0x11103, 0x11127, 0x1112C, 0x1112D, 0x11133,
        0x11135, 0x11145, 0x11147, 0x11173, 0x11174, 0x11180, 0x11182, 0x11183, 0x111B3, 0x111B6, 0x111BF, 0x111C0,
        0x111C1, 0x111C9, 0x111CD, 0x111CE, 0x111CF, 0x111D0, 0x1122C, 0x1122F, 0x11232, 0x11234, 0x11235, 0x11236,
        0x11238, 0x1123E, 0x1123F, 0x11241, 0x11242, 0x112DF, 0x112E0, 0x112E3, 0x112EA, 0x112EB, 0x11300, 0x11302,
        0x11304, 0x1133B, 0x1133D, 0x1133E, 0x11340, 0x11341, 0x11345, 0x11347, 0x11349, 0x1134B, 0x1134D, 0x1134E,
        0x11357, 0x11358, 0x11362, 0x11364, 0x11366, 0x1136D, 0x11370, 0x11375, 0x113B8, 0x113BB, 0x113C1, 0x113C2,
        0x113C3, 0x113C5, 0x113C6, 0x113C7, 0x113CB, 0x113CC, 0x113CE, 0x113CF, 0x113D0, 0x113D1, 0x113D2, 0x113D3,
        0x113E1, 0x113E3, 0x11435, 0x11438, 0x11440, 0x11442, 0x11443, 0x11445, 0x11446, 0x11447, 0x1145E, 0x1145F,
        0x114B0, 0x114B3, 0x114B9, 0x114BA, 0x114BB, 0x114BF, 0x114C1, 0x114C2, 0x114C3, 0x114C4, 0x115AF, 0x115B2,
        0x115B6, 0x115B8, 0x115BC, 0x115BE, 0x115BF, 0x115C0, 0x115C1, 0x115DC, 0x115DE, 0x11630, 0x11633, 0x1163B,
        0x1163D, 0x1163E, 0x1163F, 0x11640, 0x11641, 0x11660, 0x1166D, 0x116AB, 0x116AC, 0x116AD, 0x116AE, 0x116B0,
        0x116B6, 0x116B7, 0x116B8, 0x1171D, 0x1171E, 0x1171F, 0x11720, 0x11722, 0x11726, 0x11727, 0x1172B, 0x1172C,
        0x1182C, 0x1182F, 0x11838, 0x11839, 0x1183A, 0x1183B, 0x11930, 0x11936, 0x11937, 0x11939, 0x1193B, 0x1193D,
        0x1193E, 0x1193F, 0x11940, 0x11941, 0x11942, 0x11943, 0x11944, 0x119D1, 0x119D4, 0x119D8, 0x119DA, 0x119DC,
        0x119E0, 0x119E1, 0x119E4, 0x119E5, 0x11A01, 0x11A07, 0x11A09, 0x11A0B, 0x11A33, 0x11A34, 0x11A35, 0x11A39,
        0x11A3A, 0x11A3B, 0x11A3F, 0x11A47, 0x11A48, 0x11A51, 0x11A57, 0x11A59, 0x11A5C, 0x11A8A, 0x11A97, 0x11A98,
        0x11A99, 0x11A9A, 0x11B60, 0x11B61, 0x11B62, 0x11B65, 0x11B66, 0x11B67, 0x11B68, 0x11C2F, 0x11C30, 0x11C37,
        0x11C38, 0x11C3E, 0x11C3F, 0x11C40, 0x11C92, 0x11CA8, 0x11CA9, 0x11CAA, 0x11CB1, 0x11CB2, 0x11CB4, 0x11CB5,
        0x11CB7, 0x11D31, 0x11D37, 0x11D3A, 0x11D3B, 0x11D3C, 0x11D3E, 0x11D3F, 0x11D44, 0x11D46, 0x11D47, 0x11D48,
        0x11D8A, 0x11D8F, 0x11D90, 0x11D92, 0x11D93, 0x11D95, 0x11D96, 0x11D97, 0x11D98, 0x11EF3, 0x11EF5, 0x11EF7,
        0x11F00, 0x11F02, 0x11F03, 0x11F04, 0x11F34, 0x11F36, 0x11F3B, 0x11F3E, 0x11F40, 0x11F41, 0x11F42, 0x11F43,
        0x11F5A, 0x11F5B, 0x11FD5, 0x11FDD, 0x11FE1, 0x11FF2, 0x13430, 0x13440, 0x13441, 0x13447, 0x13456, 0x1611E,
        0x1612A, 0x1612D, 0x1612F, 0x16130, 0x16AF0, 0x16AF5, 0x16B30, 0x16B37, 0x16F4F, 0x16F50, 0x16F51, 0x16F88,
        0x16F8F, 0x16F93, 0x16FE2, 0x16FE3, 0x16FE4, 0x16FE5, 0x16FF0, 0x16FF2, 0x1BC9D, 0x1BC9F, 0x1BCA0, 0x1BCA4,
        0x1CC00, 0x1CCD6, 0x1CCF0, 0x1CCFA, 0x1CCFD, 0x1CD00, 0x1CEB4, 0x1CEBA, 0x1CED1, 0x1CEE0, 0x1CEF1, 0x1CF00,
        0x1CF2E, 0x1CF30, 0x1CF47, 0x1D165, 0x1D167, 0x1D16A, 0x1D16D, 0x1D173, 0x1D17B, 0x1D183, 0x1D185, 0x1D18C,
        0x1D1AA, 0x1D1AE, 0x1D1E9, 0x1D1EB, 0x1D200, 0x1D242, 0x1D245, 0x1D246, 0x1D300, 0x1D357, 0x1D6C1, 0x1D6C2,
        0x1D6DB, 0x1D6DC, 0x1D6FB, 0x1D6FC, 0x1D715, 0x1D716, 0x1D735, 0x1D736, 0x1D74F, 0x1D750, 0x1D76F, 0x1D770,
        0x1D789, 0x1D78A, 0x1D7A9, 0x1D7AA, 0x1D7C3, 0x1D7C4, 0x1D7CE, 0x1D800, 0x1DA00, 0x1DA37, 0x1DA3B, 0x1DA6D,
        0x1DA75, 0x1DA76, 0x1DA84, 0x1DA85, 0x1DA9B, 0x1DAA0, 0x1DAA1, 0x1DAB0, 0x1E000, 0x1E007, 0x1E008, 0x1E019,
        0x1E01B, 0x1E022, 0x1E023, 0x1E025, 0x1E026, 0x1E02B, 0x1E08F, 0x1E090, 0x1E130, 0x1E137, 0x1E2AE, 0x1E2AF,
        0x1E2EC, 0x1E2F0, 0x1E2FF, 0x1E300, 0x1E4EC, 0x1E4F0, 0x1E5EE, 0x1E5F0, 0x1E6E3, 0x1E6E4, 0x1E6E6, 0x1E6E7,
        0x1E6EE, 0x1E6F0, 0x1E6F5, 0x1E6F6, 0x1E800, 0x1E8D0, 0x1E8D7, 0x1E900, 0x1E944, 0x1E94B, 0x1E94C, 0x1EC70,
        0x1ECC0, 0x1ED00, 0x1ED50, 0x1EE00, 0x1EEF0, 0x1EEF2, 0x1EF00, 0x1F000, 0x1F02C, 0x1F030, 0x1F094, 0x1F0A0,
        0x1F0AF, 0x1F0B1, 0x1F0C0, 0x1F0C1, 0x1F0D0, 0x1F0D1, 0x1F0F6, 0x1F100, 0x1F10B, 0x1F110, 0x1F12F, 0x1F130,
        0x1F16A, 0x1F170, 0x1F1AD, 0x1F1AE, 0x1F260, 0x1F266, 0x1F300, 0x1F6D9, 0x1F6DC, 0x1F6ED, 0x1F6F0, 0x1F6FD,
        0x1F700, 0x1F7DA, 0x1F7E0, 0x1F7EC, 0x1F7F0, 0x1F7F1, 0x1F800, 0x1F80C, 0x1F810, 0x1F848, 0x1F850, 0x1F85A,
        0x1F860, 0x1F888, 0x1F890, 0x1F8AE, 0x1F8B0, 0x1F8BC, 0x1F8C0, 0x1F8C2, 0x1F8D0, 0x1F8D9, 0x1F900, 0x1FA58,
        0x1FA60, 0x1FA6E, 0x1FA70, 0x1FA7D, 0x1FA80, 0x1FA8B, 0x1FA8E, 0x1FAC7, 0x1FAC8, 0x1FAC9, 0x1FACD, 0x1FADD,
        0x1FADF, 0x1FAEB, 0x1FAEF, 0x1FAF9, 0x1FB00, 0x1FB93, 0x1FB94, 0x1FBF0, 0x1FBFA, 0x1FBFB, 0x1FFFE, 0x20000,
        0x2FFFE, 0x30000, 0x3FFFE, 0x40000, 0x4FFFE, 0x50000, 0x5FFFE, 0x60000, 0x6FFFE, 0x70000, 0x7FFFE, 0x80000,
        0x8FFFE, 0x90000, 0x9FFFE, 0xA0000, 0xAFFFE, 0xB0000, 0xBFFFE, 0xC0000, 0xCFFFE, 0xD0000, 0xDFFFE, 0xE0001,
        0xE0002, 0xE0020, 0xE0080, 0xE0100, 0xE01F0, 0xE1000, 0xEFFFE, 0xF0000, 0xFFFFE, 0x100000, 0x10FFFE,
    ];

    private static ReadOnlySpan<ushort> PropertyValues =>
    [
        0x9, 0xB, 0x9, 0xB, 0x8, 0x7, 0x8, 0x5, 0x6, 0x5, 0x6, 0x4,
        0x6, 0x8, 0x0, 0x8, 0x0, 0x8, 0x9, 0xB, 0x9, 0x6, 0x8, 0x7,
        0x8, 0x0, 0x8, 0x59, 0x8, 0x7, 0x4, 0x8, 0x0, 0x8, 0x4, 0x0,
        0x8, 0x0, 0x8, 0x0, 0x8, 0x0, 0x8, 0x0, 0x8, 0x0, 0x8, 0x0,
        0x8, 0x0, 0x8, 0xDA, 0x0, 0x8, 0x0, 0x8, 0x0, 0x8, 0x0, 0x8,
        0x0, 0x8, 0x0, 0xDA, 0x0, 0x8, 0x0, 0x8, 0x7, 0x1, 0xDA, 0x1,
        0xDA, 0x1, 0xDA, 0x1, 0xDA, 0x1, 0xDA, 0x1, 0x3, 0x8, 0x2, 0x7,
        0x2, 0x6, 0x2, 0x8, 0xDA, 0x2, 0x52, 0x2, 0x22, 0x2, 0x42, 0x22,
        0x42, 0x22, 0x42, 0x22, 0x42, 0x22, 0x12, 0x22, 0x42, 0x22, 0xDA, 0x3,
        0x7, 0x3, 0x2, 0x22, 0xDA, 0x42, 0x2, 0x42, 0x22, 0x42, 0x22, 0x42,
        0x22, 0x42, 0x22, 0x42, 0x22, 0x42, 0x22, 0x42, 0x2, 0x42, 0xDA, 0x3,
        0x8, 0xDA, 0x2, 0xDA, 0x8, 0xDA, 0x42, 0x4, 0x22, 0x2, 0x22, 0x2,
        0x52, 0x42, 0xDA, 0x22, 0x42, 0x22, 0x42, 0x22, 0x42, 0x22, 0x42, 0x22,
        0x42, 0x22, 0x42, 0xDA, 0x2, 0x42, 0x22, 0x42, 0x22, 0x42, 0x22, 0x42,
        0x22, 0x42, 0x22, 0x42, 0x22, 0x2, 0xDA, 0x2, 0x1, 0x21, 0xDA, 0x1,
        0x8, 0x11, 0x1, 0xDA, 0x1, 0xDA, 0x1, 0xDA, 0x1, 0xDA, 0x1, 0xDA,
        0x1, 0x41, 0x21, 0x41, 0x21, 0x41, 0x21, 0x41, 0x21, 0x41, 0xDA, 0x1,
        0x22, 0x2, 0x22, 0x2, 0x42, 0x22, 0x42, 0x2, 0x42, 0x12, 0x22, 0x2,
        0x22, 0x42, 0x22, 0x3, 0x2, 0xDA, 0x22, 0x42, 0x2, 0x42, 0x22, 0x42,
        0x22, 0x42, 0x22, 0x2, 0xDA, 0x3, 0xDA, 0x80, 0x0, 0xDA, 0x80, 0xDA,
        0x0, 0x80, 0xDA, 0x80, 0x1DA, 0x80, 0x0, 0xDA, 0x0, 0xDA, 0x0, 0xDA,
        0x80, 0x0, 0xDA, 0x0, 0x80, 0xDA, 0x0, 0x80, 0x0, 0x80, 0x1DA, 0x0,
        0x80, 0x0, 0xDA, 0x0, 0x7, 0x0, 0x7, 0x0, 0xDA, 0x0, 0xDA, 0x80,
        0x0, 0xDA, 0x0, 0x80, 0xDA, 0x0, 0xDA, 0x0, 0xDA, 0x1DA, 0x0, 0xDA,
        0x0, 0xDA, 0x0, 0xDA, 0x0, 0xDA, 0x80, 0x0, 0xDA, 0x0, 0x80, 0xDA,
        0x0, 0xDA, 0x80, 0x0, 0x80, 0x1DA, 0x0, 0xDA, 0x0, 0x7, 0x0, 0xDA,
        0x0, 0xDA, 0x80, 0x0, 0xDA, 0x0, 0x80, 0xDA, 0x80, 0xDA, 0x0, 0x80,
        0x0, 0x80, 0x1DA, 0x0, 0xDA, 0x80, 0x0, 0xDA, 0x0, 0xDA, 0x0, 0x80,
        0xDA, 0x80, 0x0, 0x80, 0x0, 0x80, 0x1DA, 0x0, 0x80, 0x0, 0x8, 0x7,
        0x8, 0x0, 0xDA, 0x80, 0xDA, 0x0, 0xDA, 0x0, 0xDA, 0x80, 0x0, 0xDA,
        0x0, 0xDA, 0x1DA, 0x0, 0xDA, 0x0, 0xDA, 0x0, 0x8, 0x0, 0xDA, 0x80,
        0x0, 0xDA, 0x0, 0x80, 0xD0, 0x80, 0x0, 0xD0, 0x80, 0x0, 0x80, 0xDA,
        0x1DA, 0x0, 0x80, 0x0, 0xDA, 0x0, 0x80, 0x0, 0xDA, 0x80, 0x0, 0x1DA,
        0x0, 0x80, 0xDA, 0x0, 0x80, 0x0, 0x80, 0x1DA, 0x0, 0x80, 0x0, 0xDA,
        0x0, 0xDA, 0x80, 0x0, 0x1DA, 0x0, 0x80, 0xDA, 0x0, 0xDA, 0x0, 0x80,
        0x0, 0x80, 0x0, 0xDA, 0x0, 0xDA, 0x1DA, 0x0, 0x7, 0x0, 0xDA, 0x0,
        0xDA, 0x0, 0xDA, 0x1DA, 0xDA, 0x0, 0xDA, 0x0, 0xDA, 0x0, 0xDA, 0x0,
        0xDA, 0x0, 0xDA, 0x8, 0x80, 0x0, 0xDA, 0x80, 0xDA, 0x1DA, 0x0, 0xDA,
        0x0, 0xDA, 0x0, 0xDA, 0x0, 0xDA, 0x0, 0x80, 0xDA, 0x80, 0xDA, 0x80,
        0x1DA, 0x80, 0xDA, 0x0, 0x80, 0xDA, 0x0, 0xDA, 0x0, 0x80, 0x0, 0x80,
        0x0, 0xDA, 0x0, 0xDA, 0x80, 0xDA, 0x80, 0xDA, 0x0, 0x80, 0x0, 0x80,
        0xDA, 0x0, 0xDA, 0x0, 0x8, 0x0, 0x8, 0x0, 0xB, 0x0, 0x8, 0x0,
        0xDA, 0x1DA, 0x180, 0x0, 0xDA, 0x180, 0x0, 0xDA, 0x0, 0xDA, 0x0, 0xDA,
        0x80, 0xDA, 0x80, 0xDA, 0x80, 0xDA, 0x1DA, 0xDA, 0x0, 0x7, 0x0, 0xDA,
        0x0, 0x8, 0x0, 0x8, 0x28, 0x8, 0x18, 0xDA, 0x9, 0xDA, 0x0, 0x20,
        0x0, 0xDA, 0x20, 0xDA, 0x20, 0x0, 0xDA, 0x80, 0xDA, 0x80, 0x0, 0x80,
        0xDA, 0x80, 0xDA, 0x0, 0x8, 0x0, 0x8, 0x0, 0x8, 0x0, 0xDA, 0x80,
        0xDA, 0x0, 0x80, 0xDA, 0x80, 0xDA, 0x0, 0x1DA, 0x80, 0xDA, 0x80, 0xDA,
        0x80, 0xDA, 0x0, 0xDA, 0x0, 0xDA, 0x0, 0xDA, 0x0, 0xDA, 0x80, 0x0,
        0xDA, 0x80, 0xDA, 0x80, 0xDA, 0x80, 0xDA, 0x80, 0x180, 0x0, 0xDA, 0x0,
        0xDA, 0x80, 0x0, 0x80, 0xDA, 0x80, 0xDA, 0x180, 0x1DA, 0xDA, 0x0, 0xDA,
        0x80, 0xDA, 0x80, 0xDA, 0x80, 0xDA, 0x180, 0x0, 0x80, 0xDA, 0x80, 0xDA,
        0x0, 0xDA, 0x0, 0xDA, 0x80, 0xDA, 0x0, 0xDA, 0x0, 0xDA, 0x0, 0x80,
        0xDA, 0x0, 0xDA, 0x0, 0x8, 0x0, 0x8, 0x0, 0x8, 0x0, 0x8, 0x0,
        0x8, 0x0, 0x8, 0x0, 0xB, 0x59, 0x9, 0x19, 0x50, 0x51, 0x8, 0xB,
        0x5B, 0x6, 0x7, 0x8, 0x6, 0x8, 0xB, 0x59, 0x9, 0xB, 0x59, 0x4,
        0x0, 0x4, 0x5, 0x8, 0x0, 0x4, 0x5, 0x8, 0x0, 0x7, 0xDA, 0x0,
        0x8, 0x0, 0x8, 0x0, 0x8, 0x0, 0x8, 0x0, 0x8, 0x0, 0x8, 0x0,
        0x8, 0x0, 0x8, 0x0, 0x8, 0x0, 0x7, 0x0, 0x8, 0x0, 0x8, 0x0,
        0x8, 0x0, 0x8, 0x0, 0x8, 0x0, 0x8, 0x5, 0x7, 0x8, 0x0, 0x8,
        0x0, 0x8, 0x0, 0x8, 0x0, 0x8, 0x4, 0x0, 0x8, 0x0, 0x8, 0x0,
        0x8, 0x0, 0x8, 0x0, 0x8, 0x0, 0xDA, 0x0, 0x8, 0x0, 0x1DA, 0x0,
        0xDA, 0x8, 0x0, 0x8, 0x0, 0x8, 0x0, 0x8, 0x0, 0x8, 0xB, 0x8,
        0x0, 0x8, 0x0, 0xDA, 0x80, 0x8, 0x0, 0x8, 0x0, 0x8, 0x0, 0xDA,
        0x8, 0x0, 0x8, 0x0, 0x8, 0x0, 0x8, 0x0, 0x8, 0x0, 0x8, 0x0,
        0x8, 0x0, 0x8, 0x0, 0x8, 0x0, 0x8, 0x0, 0x8, 0x0, 0x8, 0x0,
        0x8, 0x0, 0x8, 0x0, 0x8, 0x0, 0x8, 0x0, 0xDA, 0x8, 0xDA, 0x8,
        0x0, 0xDA, 0x0, 0xDA, 0x0, 0x8, 0x0, 0x8, 0x0, 0xDA, 0x0, 0x1DA,
        0x0, 0xDA, 0x0, 0x80, 0xDA, 0x80, 0x8, 0x1DA, 0x0, 0x7, 0x0, 0x20,
        0x30, 0x0, 0x8, 0x0, 0x80, 0x0, 0x80, 0x1DA, 0xDA, 0x0, 0xDA, 0x0,
        0xDA, 0x0, 0xDA, 0x0, 0xDA, 0x80, 0x180, 0x0, 0xDA, 0x80, 0x0, 0xDA,
        0x80, 0xDA, 0x80, 0xDA, 0x80, 0x180, 0x0, 0xDA, 0x0, 0xDA, 0x80, 0xDA,
        0x80, 0xDA, 0x0, 0xDA, 0x0, 0xDA, 0x80, 0x0, 0x80, 0xDA, 0x80, 0x0,
        0xDA, 0x0, 0xDA, 0x0, 0xDA, 0x0, 0xDA, 0x0, 0xDA, 0x0, 0x80, 0xDA,
        0x80, 0x0, 0x80, 0x1DA, 0x0, 0x8, 0x0, 0x80, 0xDA, 0x80, 0xDA, 0x80,
        0x0, 0x80, 0x1DA, 0x0, 0x1, 0xDA, 0x1, 0x5, 0x1, 0x2, 0x8, 0x2,
        0x8, 0x2, 0x8, 0x2, 0x8, 0x9, 0x2, 0x8, 0xDA, 0x8, 0x0, 0xDA,
        0x8, 0x6, 0x8, 0x6, 0x0, 0x8, 0x6, 0x8, 0x7, 0x8, 0x5, 0x8,
        0x0, 0x8, 0x7, 0x8, 0x0, 0x2, 0x59, 0x0, 0x8, 0x7, 0x8, 0x5,
        0x6, 0x5, 0x6, 0x4, 0x6, 0x8, 0x0, 0x8, 0x0, 0x8, 0x0, 0x7,
        0x8, 0x7, 0x0, 0x8, 0x0, 0x9, 0x58, 0x8, 0x9, 0x0, 0x8, 0x0,
        0x8, 0x0, 0x8, 0x0, 0x8, 0x0, 0xDA, 0x0, 0xDA, 0x4, 0x0, 0xDA,
        0x0, 0x1, 0x8, 0x1, 0xDA, 0x1, 0xDA, 0x1, 0xDA, 0x1, 0xDA, 0x1,
        0x1DA, 0x1, 0x21, 0x41, 0x1, 0x41, 0x1, 0x41, 0x1, 0x31, 0x41, 0x21,
        0x31, 0x21, 0x41, 0x21, 0x41, 0x1, 0x41, 0xDA, 0x1, 0x21, 0x41, 0x1,
        0x8, 0x1, 0x21, 0x41, 0x21, 0x41, 0x21, 0x41, 0x21, 0x41, 0x21, 0x41,
        0x21, 0x41, 0x1, 0x41, 0x21, 0x1, 0x32, 0x22, 0x42, 0x22, 0xDA, 0x2,
        0x3, 0x2, 0x3, 0x1, 0xDA, 0x8, 0x1, 0x3, 0x1, 0xDA, 0x1, 0x2,
        0x42, 0x22, 0x2, 0x22, 0x2, 0x8, 0x2, 0xDA, 0x1, 0x22, 0x42, 0x22,
        0x2, 0xDA, 0x22, 0x42, 0x2, 0x21, 0x41, 0x21, 0xDA, 0x1, 0x21, 0x1,
        0x21, 0x41, 0x1, 0x21, 0x41, 0x21, 0x41, 0x21, 0x1, 0x21, 0x41, 0x21,
        0x1, 0x41, 0x21, 0x31, 0x1, 0x80, 0xDA, 0x80, 0x0, 0xDA, 0x1DA, 0x0,
        0x8, 0x0, 0x1DA, 0x0, 0xDA, 0x0, 0x1DA, 0xDA, 0x80, 0x0, 0x80, 0xDA,
        0x80, 0x1DA, 0xDA, 0x0, 0xDA, 0x0, 0xDA, 0x0, 0xDA, 0x80, 0xDA, 0x1DA,
        0x0, 0x80, 0x0, 0xDA, 0x0, 0xDA, 0x80, 0x0, 0x80, 0xDA, 0x80, 0x180,
        0x0, 0xDA, 0x0, 0x80, 0xDA, 0x0, 0x80, 0xDA, 0x80, 0xDA, 0x180, 0xDA,
        0x0, 0xDA, 0x0, 0xDA, 0x0, 0xDA, 0x80, 0xDA, 0x1DA, 0x0, 0xDA, 0x80,
        0x0, 0xDA, 0x0, 0x80, 0xDA, 0x80, 0x0, 0x80, 0x0, 0x80, 0x180, 0x0,
        0x80, 0x0, 0x80, 0x0, 0xDA, 0x0, 0xDA, 0x0, 0x80, 0xDA, 0x0, 0x80,
        0x0, 0x80, 0x0, 0x80, 0x0, 0x80, 0x1DA, 0x180, 0x1DA, 0x0, 0xDA, 0x0,
        0xDA, 0x0, 0x80, 0xDA, 0x80, 0x1DA, 0xDA, 0x80, 0xDA, 0x0, 0xDA, 0x0,
        0x80, 0xDA, 0x80, 0xDA, 0x80, 0xDA, 0x80, 0x1DA, 0xDA, 0x0, 0x80, 0xDA,
        0x0, 0x80, 0xDA, 0x80, 0x1DA, 0xDA, 0x0, 0xDA, 0x0, 0x80, 0xDA, 0x80,
        0xDA, 0x80, 0x1DA, 0xDA, 0x0, 0x8, 0x0, 0xDA, 0x80, 0xDA, 0x80, 0xDA,
        0x180, 0xDA, 0x0, 0xDA, 0x80, 0xDA, 0x80, 0xDA, 0x80, 0xDA, 0x1DA, 0x0,
        0x80, 0xDA, 0x80, 0x1DA, 0xDA, 0x0, 0x80, 0x0, 0x80, 0x0, 0xDA, 0x180,
        0x1DA, 0x0, 0x80, 0x0, 0x80, 0xDA, 0x0, 0x80, 0xDA, 0x0, 0xDA, 0x80,
        0x1DA, 0x0, 0x80, 0x0, 0xDA, 0xD0, 0xDA, 0x0, 0xDA, 0x1DA, 0xDA, 0x80,
        0x0, 0xDA, 0x0, 0x1DA, 0x0, 0xDA, 0x80, 0xDA, 0x0, 0xDA, 0x80, 0xDA,
        0x1DA, 0x0, 0xDA, 0x80, 0xDA, 0x80, 0xDA, 0x80, 0x0, 0x80, 0xDA, 0x0,
        0xDA, 0x80, 0x1D0, 0x0, 0xDA, 0x0, 0x80, 0xDA, 0x80, 0xDA, 0x80, 0xDA,
        0x0, 0xDA, 0x0, 0xDA, 0x0, 0xDA, 0x0, 0xDA, 0x1DA, 0x0, 0xDA, 0x0,
        0x80, 0x0, 0xDA, 0x0, 0x80, 0xDA, 0x80, 0x1DA, 0x0, 0xDA, 0x80, 0x0,
        0xDA, 0x0, 0x80, 0x0, 0x80, 0xDA, 0x0, 0x80, 0xDA, 0x180, 0x1DA, 0x0,
        0xDA, 0x0, 0x8, 0x7, 0x8, 0x0, 0x50, 0xDA, 0x0, 0xDA, 0x0, 0xDA,
        0x80, 0xDA, 0x1DA, 0x0, 0xDA, 0x0, 0xDA, 0x0, 0xDA, 0x0, 0x80, 0x0,
        0xDA, 0x0, 0x8, 0x0, 0xDA, 0x0, 0x80, 0x0, 0xDA, 0x0, 0x59, 0x0,
        0x8, 0x0, 0x4, 0x8, 0x0, 0x8, 0x0, 0x8, 0x0, 0x8, 0x0, 0xDA,
        0x0, 0xDA, 0x0, 0x80, 0xDA, 0x0, 0x80, 0x59, 0xDA, 0x0, 0xDA, 0x0,
        0xDA, 0x0, 0x8, 0x0, 0x8, 0xDA, 0x8, 0x0, 0x8, 0x0, 0x8, 0x0,
        0x8, 0x0, 0x8, 0x0, 0x8, 0x0, 0x8, 0x0, 0x8, 0x0, 0x8, 0x0,
        0x8, 0x0, 0x8, 0x0, 0x8, 0x0, 0x4, 0x0, 0xDA, 0x0, 0xDA, 0x0,
        0xDA, 0x0, 0xDA, 0x0, 0xDA, 0x0, 0xDA, 0x0, 0xDA, 0x0, 0xDA, 0x0,
        0xDA, 0x0, 0xDA, 0x0, 0xDA, 0x0, 0xDA, 0x0, 0xDA, 0x0, 0xDA, 0x0,
        0xDA, 0x0, 0x7, 0x0, 0xDA, 0x0, 0xDA, 0x0, 0xDA, 0x0, 0xDA, 0x0,
        0xDA, 0x0, 0xDA, 0x0, 0x1, 0xDA, 0x1, 0x21, 0xDA, 0x51, 0x1, 0x2,
        0x1, 0x2, 0x1, 0x2, 0x8, 0x2, 0x1, 0x8, 0x0, 0x8, 0x0, 0x8,
        0x0, 0x8, 0x0, 0x8, 0x0, 0x8, 0x0, 0x4, 0x8, 0x0, 0x8, 0x0,
        0x8, 0x0, 0x8, 0x0, 0x8, 0x0, 0x8, 0x0, 0x8, 0x0, 0x8, 0x0,
        0x8, 0x0, 0x8, 0x0, 0x8, 0x0, 0x8, 0x0, 0x8, 0x0, 0x8, 0x0,
        0x8, 0x0, 0x8, 0x0, 0x8, 0x0, 0x8, 0x0, 0x8, 0x0, 0x8, 0x0,
        0x8, 0x0, 0x8, 0x0, 0x8, 0x0, 0x8, 0x0, 0x8, 0x0, 0x8, 0x0,
        0x8, 0x0, 0x8, 0x0, 0x8, 0x0, 0x8, 0x4, 0x8, 0x0, 0x9, 0x0,
        0x9, 0x0, 0x9, 0x0, 0x9, 0x0, 0x9, 0x0, 0x9, 0x0, 0x9, 0x0,
        0x9, 0x0, 0x9, 0x0, 0x9, 0x0, 0x9, 0x0, 0x9, 0x0, 0x9, 0x59,
        0x9, 0x59, 0x9, 0xDA, 0x9, 0x0, 0x9, 0x0, 0x9, 0x0, 0x9,
    ];
}
